datetime,open,high,low,close,volume
2026-07-09T14:30:00+00:00,0.8494799999999993,0.8499999999999994,0.8493999999999994,0.8496699999999994,5796
2026-07-09T15:00:00+00:00,0.8496699999999994,0.8497599999999994,0.8491999999999994,0.8493099999999993,5159
2026-07-09T15:30:00+00:00,0.8493099999999993,0.8493599999999994,0.8490299999999994,0.8490899999999993,3870
2026-07-09T16:00:00+00:00,0.8490899999999993,0.8491999999999994,0.8489099999999994,0.8491399999999995,3668
2026-07-09T16:30:00+00:00,0.8491399999999995,0.8491599999999994,0.8487299999999994,0.8487599999999994,3233
2026-07-09T17:00:00+00:00,0.8487599999999994,0.8488499999999994,0.8486499999999993,0.8486999999999993,3904
2026-07-09T17:30:00+00:00,0.8486999999999993,0.8487199999999994,0.8483999999999994,0.8484099999999994,2731
2026-07-09T18:00:00+00:00,0.8484099999999994,0.8484399999999994,0.8480299999999994,0.8482499999999994,3263
2026-07-09T18:30:00+00:00,0.8482499999999994,0.8483299999999994,0.8481199999999994,0.8481499999999994,2444
2026-07-09T19:00:00+00:00,0.8481499999999994,0.8481599999999994,0.8479999999999994,0.8481299999999994,2369
2026-07-09T19:30:00+00:00,0.8481299999999994,0.8483699999999994,0.8481099999999994,0.8482299999999994,3802
2026-07-09T20:00:00+00:00,0.8482299999999994,0.8482499999999994,0.8480999999999994,0.8481999999999994,1914
2026-07-09T20:30:00+00:00,0.8481999999999994,0.8483499999999994,0.8481699999999994,0.8483399999999994,1740
2026-07-09T21:00:00+00:00,0.8483399999999994,0.8484799999999993,0.8477299999999994,0.8483799999999994,1107.1603682170544
2026-07-09T21:30:00+00:00,0.8483799999999994,0.8486299999999994,0.8479599999999994,0.8484799999999993,6620
2026-07-09T22:00:00+00:00,0.8484799999999993,0.8485799999999994,0.8482799999999994,0.8483899999999994,934
2026-07-09T22:30:00+00:00,0.8483899999999994,0.8483999999999994,0.8482899999999994,0.8483599999999994,468
2026-07-09T23:00:00+00:00,0.8483599999999994,0.8483699999999994,0.8482699999999994,0.8482999999999994,611
2026-07-09T23:30:00+00:00,0.8482999999999994,0.8483499999999994,0.8482299999999994,0.8482399999999994,450
2026-07-10T00:00:00+00:00,0.8482399999999994,0.8484799999999993,0.8482299999999994,0.8483899999999994,2010
2026-07-10T00:30:00+00:00,0.8483899999999994,0.8483999999999994,0.8481799999999994,0.8482199999999994,2576
2026-07-10T01:00:00+00:00,0.8482199999999994,0.8482699999999994,0.8480799999999994,0.8480999999999994,3851
2026-07-10T01:30:00+00:00,0.8480999999999994,0.8481799999999994,0.8478699999999993,0.8479799999999994,3708
2026-07-10T02:00:00+00:00,0.8479799999999994,0.8480199999999994,0.8477399999999994,0.8479699999999994,3798
2026-07-10T02:30:00+00:00,0.8479699999999994,0.8480899999999993,0.8478299999999994,0.8478999999999994,2826
2026-07-10T03:00:00+00:00,0.8478999999999994,0.8479699999999994,0.8478399999999994,0.8478799999999994,1862
2026-07-10T03:30:00+00:00,0.8478799999999994,0.8478899999999994,0.8477799999999994,0.8478199999999994,1766
2026-07-10T04:00:00+00:00,0.8478199999999994,0.8479399999999994,0.8478199999999994,0.8478499999999994,1237
2026-07-10T04:30:00+00:00,0.8478499999999994,0.8478999999999994,0.8478199999999994,0.8478999999999994,1471
2026-07-10T05:00:00+00:00,0.8478999999999994,0.8479299999999994,0.8477399999999994,0.8477999999999994,1859
2026-07-10T05:30:00+00:00,0.8477999999999994,0.8479999999999994,0.8477599999999994,0.8478599999999994,2128
2026-07-10T06:00:00+00:00,0.8478599999999994,0.8480499999999994,0.8475899999999994,0.8480099999999994,3466
2026-07-10T06:30:00+00:00,0.8480099999999994,0.8481099999999994,0.8478699999999993,0.8480899999999993,3083
2026-07-10T07:00:00+00:00,0.8480899999999993,0.8480899999999993,0.8476799999999994,0.8479799999999994,3925
2026-07-10T07:30:00+00:00,0.8479799999999994,0.8481199999999994,0.8476999999999993,0.8480299999999994,3494
2026-07-10T08:00:00+00:00,0.8480299999999994,0.8483699999999994,0.8480099999999994,0.8482499999999994,3871
2026-07-10T08:30:00+00:00,0.8482499999999994,0.8484599999999994,0.8481399999999994,0.8482799999999994,3606
2026-07-10T09:00:00+00:00,0.8482799999999994,0.8483599999999994,0.8480299999999994,0.8481099999999994,3103
2026-07-10T09:30:00+00:00,0.8481099999999994,0.8481599999999994,0.8479199999999993,0.8480299999999994,2780
2026-07-10T10:00:00+00:00,0.8480299999999994,0.8480399999999993,0.8476599999999994,0.8477199999999994,2703
2026-07-10T10:30:00+00:00,0.8477199999999994,0.8478299999999994,0.8467699999999994,0.8470499999999994,4354
2026-07-10T11:00:00+00:00,0.8470499999999994,0.8473399999999994,0.8468199999999994,0.8473399999999994,3563
2026-07-10T11:30:00+00:00,0.8473399999999994,0.8475699999999994,0.8471499999999994,0.8472899999999994,3908
2026-07-10T12:00:00+00:00,0.8472899999999994,0.8475999999999994,0.8471799999999994,0.8473699999999994,4823
2026-07-10T12:30:00+00:00,0.8473699999999994,0.8475699999999994,0.8472499999999994,0.8474699999999994,4410
2026-07-10T13:00:00+00:00,0.8474699999999994,0.8475499999999994,0.8472999999999994,0.8473999999999994,4019
2026-07-10T13:30:00+00:00,0.8473999999999994,0.8478999999999994,0.8473599999999994,0.8477999999999994,4654
2026-07-10T14:00:00+00:00,0.8477999999999994,0.8480199999999994,0.8476399999999994,0.8478499999999994,4810
2026-07-10T14:30:00+00:00,0.8478499999999994,0.8480699999999994,0.8475199999999994,0.8477199999999994,7527
2026-07-10T15:00:00+00:00,0.8477199999999994,0.8479899999999994,0.8476599999999994,0.8478499999999994,5740
2026-07-10T15:30:00+00:00,0.8478499999999994,0.8482299999999994,0.8477599999999994,0.8481299999999994,4178
2026-07-10T16:00:00+00:00,0.8481299999999994,0.8483899999999994,0.8480499999999994,0.8482799999999994,4310
2026-07-10T16:30:00+00:00,0.8482799999999994,0.8482899999999994,0.8480399999999993,0.8481599999999994,3427
2026-07-10T17:00:00+00:00,0.8481599999999994,0.8483199999999994,0.8480999999999994,0.8482599999999993,3420
2026-07-10T17:30:00+00:00,0.8482599999999993,0.8482899999999994,0.8479099999999994,0.8479699999999994,2726
2026-07-10T18:00:00+00:00,0.8479699999999994,0.8479799999999994,0.8477999999999994,0.8478799999999994,2956
2026-07-10T18:30:00+00:00,0.8478799999999994,0.8480699999999994,0.8478399999999994,0.8479699999999994,2749
2026-07-10T19:00:00+00:00,0.8479699999999994,0.8480599999999994,0.8479199999999993,0.8480099999999994,1961
2026-07-10T19:30:00+00:00,0.8480099999999994,0.8480299999999994,0.8478699999999993,0.8479299999999994,2511
2026-07-10T20:00:00+00:00,0.8479299999999994,0.8480099999999994,0.8477599999999994,0.8478599999999994,2145
2026-07-10T20:30:00+00:00,0.8478599999999994,0.8479999999999994,0.8470399999999993,0.8472999999999995,3577.145447219984
2026-07-12T21:00:00+00:00,0.8472999999999995,0.8479899999999996,0.8472899999999995,0.8479199999999996,251.771143518683
2026-07-12T21:30:00+00:00,0.8479199999999996,0.8480399999999996,0.8476799999999995,0.8478499999999995,349.8996722889218
2026-07-12T22:00:00+00:00,0.8478499999999995,0.8483099999999996,0.8476599999999995,0.8478899999999996,2268
2026-07-12T22:30:00+00:00,0.8478899999999996,0.8481399999999996,0.8478499999999995,0.8480799999999996,1050.0714922048996
2026-07-12T23:00:00+00:00,0.8480799999999996,0.8483199999999995,0.8480499999999995,0.8482899999999995,1354
2026-07-12T23:30:00+00:00,0.8482899999999995,0.8482999999999996,0.8480699999999995,0.8481199999999995,2042
2026-07-13T00:00:00+00:00,0.8481199999999995,0.8481799999999996,0.8479699999999996,0.8480999999999995,4793
2026-07-13T00:30:00+00:00,0.8480999999999995,0.8481699999999995,0.8479899999999996,0.8480899999999996,4763
2026-07-13T01:00:00+00:00,0.8480899999999996,0.8481899999999996,0.8478099999999996,0.8478599999999996,5945
2026-07-13T01:30:00+00:00,0.8478599999999996,0.8479199999999996,0.8477199999999996,0.8477799999999995,5455
2026-07-13T02:00:00+00:00,0.8477799999999995,0.8480099999999996,0.8477699999999996,0.8478999999999995,4040
2026-07-13T02:30:00+00:00,0.8478999999999995,0.8479799999999995,0.8478499999999995,0.8479699999999996,4167
2026-07-13T03:00:00+00:00,0.8479699999999996,0.8480999999999995,0.8479699999999996,0.8480599999999996,3803
2026-07-13T03:30:00+00:00,0.8480599999999996,0.8482399999999995,0.8480299999999996,0.8482099999999996,3256
2026-07-13T04:00:00+00:00,0.8482099999999996,0.8483099999999996,0.8481699999999995,0.8481999999999995,3290
2026-07-13T04:30:00+00:00,0.8481999999999995,0.8483099999999996,0.8481699999999995,0.8482299999999996,3120
2026-07-13T05:00:00+00:00,0.8482299999999996,0.8484199999999996,0.8482199999999995,0.8483299999999996,4296
2026-07-13T05:30:00+00:00,0.8483299999999996,0.8483799999999996,0.8480699999999995,0.8481199999999995,5937
2026-07-13T06:00:00+00:00,0.8481199999999995,0.8481799999999996,0.8478399999999996,0.8479499999999995,5203
2026-07-13T06:30:00+00:00,0.8479499999999995,0.8487099999999995,0.8479099999999996,0.8483799999999996,4379
2026-07-13T07:00:00+00:00,0.8483799999999996,0.8485799999999996,0.8481599999999996,0.8484899999999995,5305
2026-07-13T07:30:00+00:00,0.8484899999999995,0.8495299999999996,0.8484799999999996,0.8491999999999995,6451
2026-07-13T08:00:00+00:00,0.8491999999999995,0.8498299999999995,0.8491599999999996,0.8498299999999995,6917
2026-07-13T08:30:00+00:00,0.8498299999999995,0.8500499999999995,0.8496599999999995,0.8499499999999995,3907
2026-07-13T09:00:00+00:00,0.8499499999999995,0.8501099999999996,0.8497499999999996,0.8499299999999995,3594
2026-07-13T09:30:00+00:00,0.8499299999999995,0.8499599999999996,0.8496399999999996,0.8498499999999996,3409
2026-07-13T10:00:00+00:00,0.8498499999999996,0.8502699999999995,0.8497599999999995,0.8501799999999996,3880
2026-07-13T10:30:00+00:00,0.8501799999999996,0.8502299999999996,0.8496499999999996,0.8496599999999995,4541
2026-07-13T11:00:00+00:00,0.8496599999999995,0.8497699999999996,0.8493299999999996,0.8496499999999996,5368
2026-07-13T11:30:00+00:00,0.8496499999999996,0.8497299999999995,0.8492299999999996,0.8493999999999996,3914
2026-07-13T12:00:00+00:00,0.8493999999999996,0.8495899999999995,0.8492899999999995,0.8493399999999995,5224
2026-07-13T12:30:00+00:00,0.8493399999999995,0.8493799999999996,0.8491399999999996,0.8492899999999995,4599
2026-07-13T13:00:00+00:00,0.8492899999999995,0.8494499999999996,0.8489799999999995,0.8491199999999995,4887
2026-07-13T13:30:00+00:00,0.8491199999999995,0.8493699999999995,0.8488099999999995,0.8489599999999996,6286
2026-07-13T14:00:00+00:00,0.8489599999999996,0.8493699999999995,0.8488199999999996,0.8488499999999995,8194
2026-07-13T14:30:00+00:00,0.8488499999999995,0.8489899999999996,0.8486799999999995,0.8487399999999996,7210
2026-07-13T15:00:00+00:00,0.8487399999999996,0.8488199999999996,0.8482099999999996,0.8482499999999996,5828
2026-07-13T15:30:00+00:00,0.8482499999999996,0.8483799999999996,0.8481199999999995,0.8482799999999996,5612
2026-07-13T16:00:00+00:00,0.8482799999999996,0.8482999999999996,0.8480299999999996,0.8480999999999995,4954
2026-07-13T16:30:00+00:00,0.8480999999999995,0.8484799999999996,0.8479799999999995,0.8484299999999996,7802
2026-07-13T17:00:00+00:00,0.8484299999999996,0.8485399999999995,0.8482999999999996,0.8485099999999995,4677
2026-07-13T17:30:00+00:00,0.8485099999999995,0.8486299999999996,0.8484199999999996,0.8485399999999995,4209
2026-07-13T18:00:00+00:00,0.8485399999999995,0.8487599999999995,0.8484899999999995,0.8486299999999996,4570
2026-07-13T18:30:00+00:00,0.8486299999999996,0.8486799999999995,0.8484799999999996,0.8484999999999996,4341
2026-07-13T19:00:00+00:00,0.8484999999999996,0.8486699999999996,0.8484699999999996,0.8486199999999996,4678
2026-07-13T19:30:00+00:00,0.8486199999999996,0.8487199999999996,0.8485699999999996,0.8486599999999995,3809
2026-07-13T20:00:00+00:00,0.8486599999999995,0.8489399999999996,0.8485999999999996,0.8488999999999995,2642
2026-07-13T20:30:00+00:00,0.8488999999999995,0.8489899999999996,0.8487299999999995,0.8487299999999995,1975
2026-07-13T21:00:00+00:00,0.8487299999999995,0.8488499999999995,0.8476199999999996,0.8486599999999995,580
2026-07-13T21:30:00+00:00,0.8486599999999995,0.8490099999999996,0.8485199999999996,0.8487499999999996,2461
2026-07-13T22:00:00+00:00,0.8487499999999996,0.8489999999999995,0.8486599999999995,0.8488099999999995,948
2026-07-13T22:30:00+00:00,0.8488099999999995,0.8488199999999996,0.8487399999999996,0.8487399999999996,672
2026-07-13T23:00:00+00:00,0.8487399999999996,0.8488499999999995,0.8487399999999996,0.8488199999999996,1138
2026-07-13T23:30:00+00:00,0.8488199999999996,0.8489699999999996,0.8487499999999996,0.8488599999999996,2075
2026-07-14T00:00:00+00:00,0.8488599999999996,0.8489899999999996,0.8487999999999996,0.8489799999999995,5709
2026-07-14T00:30:00+00:00,0.8489799999999995,0.8490299999999996,0.8488399999999996,0.8488799999999995,5957
2026-07-14T01:00:00+00:00,0.8488799999999995,0.8489999999999995,0.8488099999999995,0.8488599999999996,5273
2026-07-14T01:30:00+00:00,0.8488599999999996,0.8490099999999996,0.8488399999999996,0.8489799999999995,5881
2026-07-14T02:00:00+00:00,0.8489799999999995,0.8491299999999996,0.8488799999999995,0.8490699999999995,4204
2026-07-14T02:30:00+00:00,0.8490699999999995,0.8491099999999996,0.8489399999999996,0.8489699999999996,3349
2026-07-14T03:00:00+00:00,0.8489699999999996,0.8490299999999996,0.8488799999999995,0.8490099999999996,3655
2026-07-14T03:30:00+00:00,0.8490099999999996,0.8490299999999996,0.8488799999999995,0.8489499999999995,3396
2026-07-14T04:00:00+00:00,0.8489499999999995,0.8489699999999996,0.8488799999999995,0.8489299999999995,2776
2026-07-14T04:30:00+00:00,0.8489299999999995,0.8489499999999995,0.8487199999999996,0.8488199999999996,2854
2026-07-14T05:00:00+00:00,0.8488199999999996,0.8488799999999995,0.8486399999999996,0.8486499999999996,3650
2026-07-14T05:30:00+00:00,0.8486499999999996,0.8486899999999996,0.8484599999999995,0.8486899999999996,3483
2026-07-14T06:00:00+00:00,0.8486899999999996,0.8489399999999996,0.8484799999999996,0.8489199999999996,4173
2026-07-14T06:30:00+00:00,0.8489199999999996,0.8489699999999996,0.8486599999999995,0.8486899999999996,4501
2026-07-14T07:00:00+00:00,0.8486899999999996,0.8491099999999996,0.8485799999999996,0.8490399999999996,4740
2026-07-14T07:30:00+00:00,0.8490399999999996,0.8493199999999995,0.8487499999999996,0.8493099999999996,5529
2026-07-14T08:00:00+00:00,0.8493099999999996,0.8495199999999996,0.8492199999999995,0.8493899999999995,5049
2026-07-14T08:30:00+00:00,0.8493899999999995,0.8493899999999995,0.8484799999999996,0.8484999999999996,4883
2026-07-14T09:00:00+00:00,0.8484999999999996,0.8485999999999996,0.8481199999999995,0.8481999999999995,3630
2026-07-14T09:30:00+00:00,0.8481999999999995,0.8483599999999996,0.8480099999999996,0.8482999999999996,3688
2026-07-14T10:00:00+00:00,0.8482999999999996,0.8483599999999996,0.8479999999999995,0.8480399999999996,3445
2026-07-14T10:30:00+00:00,0.8480399999999996,0.8481899999999996,0.8479599999999996,0.8480299999999996,3899
2026-07-14T11:00:00+00:00,0.8480299999999996,0.8483899999999995,0.8479999999999995,0.8481099999999996,4304
2026-07-14T11:30:00+00:00,0.8481099999999996,0.8484999999999996,0.8480499999999995,0.8484199999999996,4012
2026-07-14T12:00:00+00:00,0.8484199999999996,0.8488099999999995,0.8482799999999996,0.8486599999999995,6044
2026-07-14T12:30:00+00:00,0.8486599999999995,0.8499699999999996,0.8478199999999996,0.8497599999999995,18172
2026-07-14T13:00:00+00:00,0.8497599999999995,0.8506499999999996,0.8495599999999995,0.8505199999999996,10138
2026-07-14T13:30:00+00:00,0.8505199999999996,0.8505399999999995,0.8496699999999996,0.8497499999999996,7574
2026-07-14T14:00:00+00:00,0.8497499999999996,0.8502799999999996,0.8497099999999995,0.8502499999999996,8254
2026-07-14T14:30:00+00:00,0.8502499999999996,0.8503299999999996,0.8495799999999996,0.8499799999999995,8248
2026-07-14T15:00:00+00:00,0.8499799999999995,0.8504099999999996,0.8499299999999995,0.8501599999999996,7666
2026-07-14T15:30:00+00:00,0.8501599999999996,0.8505499999999996,0.8500399999999996,0.8500399999999996,7302
2026-07-14T16:00:00+00:00,0.8500399999999996,0.8502899999999995,0.8500199999999996,0.8500599999999996,6123
2026-07-14T16:30:00+00:00,0.8500599999999996,0.8501899999999996,0.8499199999999996,0.8500099999999996,4236
2026-07-14T17:00:00+00:00,0.8500099999999996,0.8504499999999996,0.8499699999999996,0.8503299999999996,5448
2026-07-14T17:30:00+00:00,0.8503299999999996,0.8503299999999996,0.8500299999999996,0.8501299999999996,3813
2026-07-14T18:00:00+00:00,0.8501299999999996,0.8501999999999995,0.8497499999999996,0.8497699999999996,3767
2026-07-14T18:30:00+00:00,0.8497699999999996,0.8500499999999995,0.8496999999999996,0.8498199999999996,4532
2026-07-14T19:00:00+00:00,0.8498199999999996,0.8498799999999995,0.8495599999999995,0.8495999999999996,4766
2026-07-14T19:30:00+00:00,0.8495999999999996,0.8496699999999996,0.8491699999999995,0.8491999999999995,5354
2026-07-14T20:00:00+00:00,0.8491999999999995,0.8492999999999996,0.8490899999999996,0.8491599999999996,2216
2026-07-14T20:30:00+00:00,0.8491599999999996,0.8492199999999995,0.8488599999999996,0.8488599999999996,2085
2026-07-14T21:00:00+00:00,0.8488599999999996,0.8494899999999995,0.8484199999999996,0.8491299999999996,2780
2026-07-14T21:30:00+00:00,0.8491299999999996,0.8492699999999995,0.8488799999999995,0.8489299999999995,2425
2026-07-14T22:00:00+00:00,0.8489299999999995,0.8493299999999996,0.8487599999999995,0.8487899999999996,1203
2026-07-14T22:30:00+00:00,0.8487899999999996,0.8490499999999995,0.8487799999999995,0.8490399999999996,779
2026-07-14T23:00:00+00:00,0.8490399999999996,0.8490599999999996,0.8489399999999996,0.8489799999999995,939
2026-07-14T23:30:00+00:00,0.8489799999999995,0.8490299999999996,0.8489299999999995,0.8489699999999996,1114
2026-07-15T00:00:00+00:00,0.8489699999999996,0.8492199999999995,0.8489599999999996,0.8491899999999996,2658
2026-07-15T00:30:00+00:00,0.8491899999999996,0.8493099999999996,0.8491399999999996,0.8491899999999996,2579
2026-07-15T01:00:00+00:00,0.8491899999999996,0.8495099999999995,0.8491699999999995,0.8494799999999996,3431
2026-07-15T01:30:00+00:00,0.8494799999999996,0.8495099999999995,0.8493499999999996,0.8494199999999996,3279
2026-07-15T02:00:00+00:00,0.8494199999999996,0.8495499999999996,0.8493999999999996,0.8494399999999995,2263
2026-07-15T02:30:00+00:00,0.8494399999999995,0.8495899999999995,0.8493799999999996,0.8495399999999995,2698
2026-07-15T03:00:00+00:00,0.8495399999999995,0.8495799999999996,0.8494399999999995,0.8494599999999995,2970
2026-07-15T03:30:00+00:00,0.8494599999999995,0.8495399999999995,0.8494399999999995,0.8495099999999995,1951
2026-07-15T04:00:00+00:00,0.8495099999999995,0.8496099999999995,0.8494799999999996,0.8495699999999996,2283
2026-07-15T04:30:00+00:00,0.8495699999999996,0.8496199999999996,0.8494799999999996,0.8495199999999996,1622
2026-07-15T05:00:00+00:00,0.8495199999999996,0.8495699999999996,0.8494199999999996,0.8494599999999995,2619
2026-07-15T05:30:00+00:00,0.8494599999999995,0.8494799999999996,0.8491799999999996,0.8492599999999996,2791
2026-07-15T06:00:00+00:00,0.8492599999999996,0.8492799999999996,0.8488099999999995,0.8489499999999995,3217
2026-07-15T06:30:00+00:00,0.8489499999999995,0.8492399999999996,0.8478899999999996,0.8480999999999995,6245
2026-07-15T07:00:00+00:00,0.8480999999999995,0.8485299999999996,0.8479599999999996,0.8480899999999996,5254
2026-07-15T07:30:00+00:00,0.8480899999999996,0.8485999999999996,0.8479899999999996,0.8485299999999996,3989
2026-07-15T08:00:00+00:00,0.8485299999999996,0.8490599999999996,0.8484999999999996,0.8488099999999995,4132
2026-07-15T08:30:00+00:00,0.8488099999999995,0.8491699999999995,0.8487499999999996,0.8489599999999996,3514
2026-07-15T09:00:00+00:00,0.8489599999999996,0.8490899999999996,0.8488299999999995,0.8489799999999995,3311
2026-07-15T09:30:00+00:00,0.8489799999999995,0.8491299999999996,0.8486699999999996,0.8487999999999996,3461
2026-07-15T10:00:00+00:00,0.8487999999999996,0.8491099999999996,0.8487599999999995,0.8490499999999995,3493
2026-07-15T10:30:00+00:00,0.8490499999999995,0.8490599999999996,0.8479199999999996,0.8481499999999995,3299
2026-07-15T11:00:00+00:00,0.8481499999999995,0.8483699999999995,0.8481399999999996,0.8482499999999996,3118
2026-07-15T11:30:00+00:00,0.8482499999999996,0.8483299999999996,0.8468599999999996,0.8471699999999995,5974
2026-07-15T12:00:00+00:00,0.8471699999999995,0.8474999999999996,0.8468899999999996,0.8473399999999995,5049
2026-07-15T12:30:00+00:00,0.8473399999999995,0.8476899999999996,0.8471799999999996,0.8472399999999995,7404
2026-07-15T13:00:00+00:00,0.8472399999999995,0.8474099999999996,0.8471099999999996,0.8471999999999996,6258
2026-07-15T13:30:00+00:00,0.8471999999999996,0.8472299999999996,0.8463799999999996,0.8465599999999995,5803
2026-07-15T14:00:00+00:00,0.8465599999999995,0.8467799999999995,0.8464399999999995,0.8464999999999996,5753
2026-07-15T14:30:00+00:00,0.8464999999999996,0.8465199999999996,0.8442899999999995,0.8447199999999996,9496
2026-07-15T15:00:00+00:00,0.8447199999999996,0.8450799999999996,0.8442399999999995,0.8442999999999996,6529
2026-07-15T15:30:00+00:00,0.8442999999999996,0.8443499999999996,0.8432499999999996,0.8435099999999995,5844
2026-07-15T16:00:00+00:00,0.8435099999999995,0.8435199999999996,0.8427599999999995,0.8427599999999995,5719
2026-07-15T16:30:00+00:00,0.8427599999999995,0.8429199999999996,0.8418699999999996,0.8421099999999996,6175
2026-07-15T17:00:00+00:00,0.8421099999999996,0.8428599999999996,0.8416599999999995,0.8427199999999996,6028
2026-07-15T17:30:00+00:00,0.8427199999999996,0.8432099999999996,0.8425799999999996,0.8430699999999995,5937
2026-07-15T18:00:00+00:00,0.8430699999999995,0.8430899999999996,0.8426699999999996,0.8430499999999995,4914
2026-07-15T18:30:00+00:00,0.8430499999999995,0.8433799999999996,0.8430199999999995,0.8432699999999995,4855
2026-07-15T19:00:00+00:00,0.8432699999999995,0.8437199999999996,0.8430899999999996,0.8436699999999996,4611
2026-07-15T19:30:00+00:00,0.8436699999999996,0.8436899999999996,0.8431699999999995,0.8431699999999995,5087
2026-07-15T20:00:00+00:00,0.8431699999999995,0.8431799999999996,0.8428599999999996,0.8429199999999996,1653
2026-07-15T20:30:00+00:00,0.8429199999999996,0.8430899999999996,0.8426399999999996,0.8426399999999996,2385
2026-07-15T21:00:00+00:00,0.8426399999999996,0.8428699999999996,0.8423099999999996,0.8428599999999996,1483.8958232623336
2026-07-15T21:30:00+00:00,0.8428599999999996,0.8431599999999996,0.8426799999999995,0.8429199999999996,3985
2026-07-15T22:00:00+00:00,0.8429199999999996,0.8431199999999995,0.8428799999999995,0.8429899999999996,792
2026-07-15T22:30:00+00:00,0.8429899999999996,0.8431899999999996,0.8429799999999996,0.8431899999999996,451.7625398744751
2026-07-15T23:00:00+00:00,0.8431899999999996,0.8432299999999996,0.8431299999999996,0.8431699999999995,879.9258631094854
2026-07-15T23:30:00+00:00,0.8431699999999995,0.8433899999999995,0.8430999999999995,0.8433799999999996,1103
2026-07-16T00:00:00+00:00,0.8433799999999996,0.8435499999999996,0.8433099999999996,0.8435099999999995,2771
2026-07-16T00:30:00+00:00,0.8435099999999995,0.8441499999999995,0.8435099999999995,0.8439599999999996,4066
2026-07-16T01:00:00+00:00,0.8439599999999996,0.8440199999999995,0.8438199999999996,0.8439699999999996,3270
2026-07-16T01:30:00+00:00,0.8439699999999996,0.8439699999999996,0.8437399999999996,0.8438099999999996,2781
2026-07-16T02:00:00+00:00,0.8438099999999996,0.8439399999999996,0.8436799999999995,0.8438099999999996,2444
2026-07-16T02:30:00+00:00,0.8438099999999996,0.8438899999999996,0.8437099999999995,0.8437299999999995,2155
2026-07-16T03:00:00+00:00,0.8437299999999995,0.8437599999999996,0.8433399999999995,0.8434799999999996,2045
2026-07-16T03:30:00+00:00,0.8434799999999996,0.8435399999999996,0.8433399999999995,0.8434799999999996,1860
2026-07-16T04:00:00+00:00,0.8434799999999996,0.8434899999999996,0.8432299999999996,0.8433699999999996,1859
2026-07-16T04:30:00+00:00,0.8433699999999996,0.8434999999999996,0.8433399999999995,0.8434899999999996,1248
2026-07-16T05:00:00+00:00,0.8434899999999996,0.8434899999999996,0.8432099999999996,0.8432299999999996,1756
2026-07-16T05:30:00+00:00,0.8432299999999996,0.8435599999999995,0.8431299999999996,0.8434699999999996,3282
2026-07-16T06:00:00+00:00,0.8434699999999996,0.8436299999999995,0.8432899999999995,0.8434299999999996,4432
2026-07-16T06:30:00+00:00,0.8434299999999996,0.8435199999999996,0.8431099999999996,0.8431799999999996,3900
2026-07-16T07:00:00+00:00,0.8431799999999996,0.8437699999999996,0.8430999999999996,0.8436899999999996,4162
2026-07-16T07:30:00+00:00,0.8436899999999996,0.8439599999999996,0.8434399999999995,0.8436899999999996,3931
2026-07-16T08:00:00+00:00,0.8436899999999996,0.8441899999999996,0.8436899999999996,0.8440599999999996,4418
2026-07-16T08:30:00+00:00,0.8440599999999996,0.8442699999999995,0.8438699999999996,0.8441899999999996,3508
2026-07-16T09:00:00+00:00,0.8441899999999996,0.8446699999999996,0.8439899999999996,0.8446399999999996,3227
2026-07-16T09:30:00+00:00,0.8446399999999996,0.8450499999999995,0.8445699999999996,0.8450499999999995,3315
2026-07-16T10:00:00+00:00,0.8450499999999995,0.8452399999999995,0.8449099999999996,0.8451999999999996,2899
2026-07-16T10:30:00+00:00,0.8451999999999996,0.8452099999999996,0.8448099999999996,0.8448199999999996,3512
2026-07-16T11:00:00+00:00,0.8448199999999996,0.8453799999999996,0.8447999999999996,0.8453199999999996,3728
2026-07-16T11:30:00+00:00,0.8453199999999996,0.8454399999999995,0.8451899999999996,0.8452899999999995,4739
2026-07-16T12:00:00+00:00,0.8452899999999995,0.8453299999999996,0.8446399999999996,0.8449199999999996,4617
2026-07-16T12:30:00+00:00,0.8449199999999996,0.8451099999999996,0.8442399999999995,0.8443099999999996,5772
2026-07-16T13:00:00+00:00,0.8443099999999996,0.8444199999999996,0.8439799999999996,0.8443899999999995,5392
2026-07-16T13:30:00+00:00,0.8443899999999995,0.8444499999999996,0.8435899999999996,0.8437699999999996,5879
2026-07-16T14:00:00+00:00,0.8437699999999996,0.8439199999999996,0.8436799999999995,0.8437799999999995,5547
2026-07-16T14:30:00+00:00,0.8437799999999995,0.8446099999999995,0.8435399999999996,0.8445399999999996,5611
2026-07-16T15:00:00+00:00,0.8445399999999996,0.8447999999999996,0.8443299999999996,0.8447899999999996,5337
2026-07-16T15:30:00+00:00,0.8447899999999996,0.8452399999999995,0.8446399999999996,0.8451699999999995,4223
2026-07-16T16:00:00+00:00,0.8451699999999995,0.8454499999999996,0.8450999999999996,0.8452999999999996,4282
2026-07-16T16:30:00+00:00,0.8452999999999996,0.8453699999999996,0.8452299999999996,0.8453399999999995,2821
2026-07-16T17:00:00+00:00,0.8453399999999995,0.8454999999999996,0.8452399999999995,0.8452799999999996,2498
2026-07-16T17:30:00+00:00,0.8452799999999996,0.8453199999999996,0.8451699999999995,0.8452299999999996,2301
2026-07-16T18:00:00+00:00,0.8452299999999996,0.8454899999999996,0.8452299999999996,0.8453399999999995,2439
2026-07-16T18:30:00+00:00,0.8453399999999995,0.8454199999999996,0.8452999999999996,0.8453499999999996,1989
2026-07-16T19:00:00+00:00,0.8453499999999996,0.8453999999999996,0.8452299999999996,0.8452599999999996,2271
2026-07-16T19:30:00+00:00,0.8452599999999996,0.8453099999999996,0.8451899999999996,0.8451999999999996,2327
2026-07-16T20:00:00+00:00,0.8451999999999996,0.8452599999999996,0.8450599999999996,0.8450999999999996,1515
2026-07-16T20:30:00+00:00,0.8450999999999996,0.8452399999999995,0.8449399999999996,0.8449499999999995,1455
2026-07-16T21:00:00+00:00,0.8449499999999995,0.8451599999999996,0.8443599999999996,0.8449799999999996,392.8727893851943
2026-07-16T21:30:00+00:00,0.8449799999999996,0.8451299999999996,0.8449199999999996,0.8451299999999996,572
2026-07-16T22:00:00+00:00,0.8451299999999996,0.8454199999999996,0.8451299999999996,0.8453699999999995,842.0352095808383
2026-07-16T22:30:00+00:00,0.8453699999999995,0.8454199999999995,0.8453199999999995,0.8453899999999995,423
2026-07-16T23:00:00+00:00,0.8453899999999995,0.8454299999999996,0.8453399999999995,0.8453899999999995,797
2026-07-16T23:30:00+00:00,0.8453899999999995,0.8454299999999996,0.8452999999999995,0.8453099999999996,951
2026-07-17T00:00:00+00:00,0.8453099999999996,0.8455299999999996,0.8453099999999996,0.8454899999999995,2947
2026-07-17T00:30:00+00:00,0.8454899999999995,0.8455599999999995,0.8453899999999995,0.8454799999999996,3374
2026-07-17T01:00:00+00:00,0.8454799999999996,0.8455099999999995,0.8453199999999995,0.8453799999999996,4066
2026-07-17T01:30:00+00:00,0.8453799999999996,0.8456699999999996,0.8453799999999996,0.8456099999999995,3039
2026-07-17T02:00:00+00:00,0.8456099999999995,0.8456399999999995,0.8455599999999995,0.8455999999999996,3160
2026-07-17T02:30:00+00:00,0.8455999999999996,0.8456499999999996,0.8455699999999995,0.8455999999999996,3275
2026-07-17T03:00:00+00:00,0.8455999999999996,0.8456299999999995,0.8454599999999995,0.8455299999999996,3622
2026-07-17T03:30:00+00:00,0.8455299999999996,0.8456799999999995,0.8455299999999996,0.8456699999999996,1923
2026-07-17T04:00:00+00:00,0.8456699999999996,0.8457999999999996,0.8456199999999995,0.8457699999999996,2954
2026-07-17T04:30:00+00:00,0.8457699999999996,0.8458899999999996,0.8457599999999995,0.8458499999999995,2003
2026-07-17T05:00:00+00:00,0.8458499999999995,0.8459199999999996,0.8457999999999996,0.8458399999999995,1402
2026-07-17T05:30:00+00:00,0.8458399999999995,0.8459799999999995,0.8457899999999995,0.8458699999999996,3615
2026-07-17T06:00:00+00:00,0.8458699999999996,0.8461299999999995,0.8458299999999995,0.8459999999999995,3804
2026-07-17T06:30:00+00:00,0.8459999999999995,0.8461299999999995,0.8458899999999996,0.8458999999999995,3910
2026-07-17T07:00:00+00:00,0.8458999999999995,0.8462399999999995,0.8456499999999996,0.8459599999999995,4011
2026-07-17T07:30:00+00:00,0.8459599999999995,0.8466599999999995,0.8458699999999996,0.8465899999999995,3597
2026-07-17T08:00:00+00:00,0.8465899999999995,0.8467699999999996,0.8463299999999996,0.8467599999999995,5200
2026-07-17T08:30:00+00:00,0.8467599999999995,0.8472999999999995,0.8465799999999996,0.8471899999999996,4185
2026-07-17T09:00:00+00:00,0.8471899999999996,0.8475599999999995,0.8470999999999995,0.8472299999999995,4230
2026-07-17T09:30:00+00:00,0.8472299999999995,0.8472999999999995,0.8470599999999996,0.8471599999999996,3386
2026-07-17T10:00:00+00:00,0.8471599999999996,0.8473599999999996,0.8469899999999996,0.8471099999999996,3604
2026-07-17T10:30:00+00:00,0.8471099999999996,0.8472799999999996,0.8468499999999995,0.8468699999999996,3502
2026-07-17T11:00:00+00:00,0.8468699999999996,0.8470299999999995,0.8465099999999995,0.8466799999999995,4265
2026-07-17T11:30:00+00:00,0.8466799999999995,0.8468999999999995,0.8465899999999995,0.8466999999999996,4215
2026-07-17T12:00:00+00:00,0.8466999999999996,0.8473299999999996,0.8466699999999996,0.8471999999999995,4304
2026-07-17T12:30:00+00:00,0.8471999999999995,0.8472599999999996,0.8466799999999995,0.8470299999999995,4840
2026-07-17T13:00:00+00:00,0.8470299999999995,0.8471499999999995,0.8465999999999996,0.8466099999999995,5253
2026-07-17T13:30:00+00:00,0.8466099999999995,0.8467099999999995,0.8462599999999996,0.8463399999999995,7663
2026-07-17T14:00:00+00:00,0.8463399999999995,0.8468199999999996,0.8461699999999995,0.8464799999999996,5699
2026-07-17T14:30:00+00:00,0.8464799999999996,0.8471099999999996,0.8463999999999995,0.8469899999999996,6040
2026-07-17T15:00:00+00:00,0.8469899999999996,0.8470699999999995,0.8465799999999996,0.8465899999999995,5019
2026-07-17T15:30:00+00:00,0.8465899999999995,0.8471099999999996,0.8465299999999996,0.8470199999999996,5632
2026-07-17T16:00:00+00:00,0.8470199999999996,0.8470799999999995,0.8464999999999996,0.8465699999999995,5008
2026-07-17T16:30:00+00:00,0.8465699999999995,0.8466799999999995,0.8461799999999995,0.8461899999999996,3791
2026-07-17T17:00:00+00:00,0.8461899999999996,0.8461999999999995,0.8457999999999996,0.8460699999999995,3452
2026-07-17T17:30:00+00:00,0.8460699999999995,0.8461899999999996,0.8460599999999996,0.8460799999999995,2636
2026-07-17T18:00:00+00:00,0.8460799999999995,0.8461799999999995,0.8460399999999996,0.8460999999999995,3460
2026-07-17T18:30:00+00:00,0.8460999999999995,0.8461899999999996,0.8460699999999995,0.8460899999999996,2599
2026-07-17T19:00:00+00:00,0.8460899999999996,0.8462599999999996,0.8460799999999995,0.8461899999999996,3727
2026-07-17T19:30:00+00:00,0.8461899999999996,0.8462199999999995,0.8460699999999995,0.8462199999999995,4213
2026-07-17T20:00:00+00:00,0.8462199999999995,0.8463799999999996,0.8461599999999996,0.8463499999999995,2014
2026-07-17T20:30:00+00:00,0.8463499999999995,0.8463599999999996,0.8454999999999996,0.8461799999999996,3089.6281170943257
2026-07-19T21:00:00+00:00,0.8461799999999996,0.8472399999999997,0.8459999999999995,0.8467799999999996,1771.2525698069687
2026-07-19T21:30:00+00:00,0.8467799999999996,0.8473199999999996,0.8466199999999997,0.8470799999999996,3134
2026-07-19T22:00:00+00:00,0.8470799999999996,0.8477499999999997,0.8470799999999996,0.8474699999999996,2558
2026-07-19T22:30:00+00:00,0.8474699999999996,0.8475199999999996,0.8473999999999996,0.8473999999999996,861
2026-07-19T23:00:00+00:00,0.8473999999999996,0.8474199999999996,0.8473099999999997,0.8473799999999997,1073
2026-07-19T23:30:00+00:00,0.8473799999999997,0.8474699999999996,0.8473199999999996,0.8474199999999996,1052
2026-07-20T00:00:00+00:00,0.8474199999999996,0.8475299999999997,0.8473599999999997,0.8474299999999997,3507
2026-07-20T00:30:00+00:00,0.8474299999999997,0.8475899999999996,0.8474199999999996,0.8475199999999996,3182
2026-07-20T01:00:00+00:00,0.8475199999999996,0.8475399999999996,0.8474099999999997,0.8474699999999996,3831
2026-07-20T01:30:00+00:00,0.8474699999999996,0.8475499999999997,0.8474599999999997,0.8474799999999997,3116
2026-07-20T02:00:00+00:00,0.8474799999999997,0.8475099999999997,0.8472799999999997,0.8473699999999996,3626
2026-07-20T02:30:00+00:00,0.8473699999999996,0.8475499999999997,0.8473399999999996,0.8475299999999997,3294
2026-07-20T03:00:00+00:00,0.8475299999999997,0.8475799999999997,0.8474699999999996,0.8474999999999997,2447
2026-07-20T03:30:00+00:00,0.8474999999999997,0.8475199999999996,0.8474399999999996,0.8474999999999997,1764
2026-07-20T04:00:00+00:00,0.8474999999999997,0.8475099999999997,0.8473399999999996,0.8473599999999997,1567
2026-07-20T04:30:00+00:00,0.8473599999999997,0.8473799999999997,0.8472599999999997,0.8473199999999996,1904
2026-07-20T05:00:00+00:00,0.8473199999999996,0.8473699999999996,0.8471299999999996,0.8471499999999996,2393
2026-07-20T05:30:00+00:00,0.8471499999999996,0.8471799999999996,0.8469799999999996,0.8470199999999997,1936
2026-07-20T06:00:00+00:00,0.8470199999999997,0.8470899999999997,0.8468899999999997,0.8470699999999997,3391
2026-07-20T06:30:00+00:00,0.8470699999999997,0.8472399999999997,0.8469399999999997,0.8471399999999997,3297
2026-07-20T07:00:00+00:00,0.8471399999999997,0.8471699999999996,0.8468099999999996,0.8469399999999997,4215
2026-07-20T07:30:00+00:00,0.8469399999999997,0.8471099999999997,0.8465999999999997,0.8466799999999997,4578
2026-07-20T08:00:00+00:00,0.8466799999999997,0.8468899999999997,0.8465699999999996,0.8467999999999997,3476
2026-07-20T08:30:00+00:00,0.8467999999999997,0.8469899999999997,0.8466999999999997,0.8467199999999997,2915
2026-07-20T09:00:00+00:00,0.8467199999999997,0.8470299999999996,0.8467199999999997,0.8468699999999997,3263
2026-07-20T09:30:00+00:00,0.8468699999999997,0.8468799999999996,0.8462699999999996,0.8464699999999996,3393
2026-07-20T10:00:00+00:00,0.8464699999999996,0.8466699999999997,0.8460999999999996,0.8463399999999996,3695
2026-07-20T10:30:00+00:00,0.8463399999999996,0.8464399999999996,0.8461599999999997,0.8462299999999997,3528
2026-07-20T11:00:00+00:00,0.8462299999999997,0.8463399999999996,0.8460799999999996,0.8463399999999996,3611
2026-07-20T11:30:00+00:00,0.8463399999999996,0.8466899999999996,0.8462299999999997,0.8464499999999997,6096
2026-07-20T12:00:00+00:00,0.8464499999999997,0.8465999999999997,0.8461099999999997,0.8463199999999996,5245
2026-07-20T12:30:00+00:00,0.8463199999999996,0.8467399999999996,0.8463099999999997,0.8465199999999996,4568
2026-07-20T13:00:00+00:00,0.8465199999999996,0.8465399999999996,0.8459799999999996,0.8460399999999997,4503
2026-07-20T13:30:00+00:00,0.8460399999999997,0.8465499999999997,0.8459499999999996,0.8460399999999997,5722
2026-07-20T14:00:00+00:00,0.8460399999999997,0.8462399999999997,0.8458099999999996,0.8460999999999996,5540
2026-07-20T14:30:00+00:00,0.8460999999999996,0.8464199999999996,0.8459899999999997,0.8462299999999997,6250
2026-07-20T15:00:00+00:00,0.8462299999999997,0.8479299999999996,0.8462299999999997,0.8476299999999997,7228
2026-07-20T15:30:00+00:00,0.8476299999999997,0.8480199999999997,0.8476099999999996,0.8479199999999997,3957
2026-07-20T16:00:00+00:00,0.8479199999999997,0.8482899999999997,0.8479099999999996,0.8479899999999997,4212
2026-07-20T16:30:00+00:00,0.8479899999999997,0.8480999999999996,0.8477799999999996,0.8477899999999996,3909
2026-07-20T17:00:00+00:00,0.8477899999999996,0.8478799999999996,0.8474399999999996,0.8474599999999997,3428
2026-07-20T17:30:00+00:00,0.8474599999999997,0.8475499999999997,0.8471699999999996,0.8472799999999997,2602
2026-07-20T18:00:00+00:00,0.8472799999999997,0.8472999999999996,0.8470999999999996,0.8471599999999997,3445
2026-07-20T18:30:00+00:00,0.8471599999999997,0.8472399999999997,0.8470899999999997,0.8470899999999997,3481
2026-07-20T19:00:00+00:00,0.8470899999999997,0.8472599999999997,0.8470899999999997,0.8471199999999997,2896
2026-07-20T19:30:00+00:00,0.8471199999999997,0.8472599999999997,0.8469999999999996,0.8471699999999996,3748
2026-07-20T20:00:00+00:00,0.8471699999999996,0.8473799999999997,0.8471099999999997,0.8473699999999996,2066
2026-07-20T20:30:00+00:00,0.8473699999999996,0.8473799999999997,0.8472299999999997,0.8472799999999997,1420
2026-07-20T21:00:00+00:00,0.8472799999999997,0.8473799999999997,0.8464699999999996,0.8473699999999996,723
2026-07-20T21:30:00+00:00,0.8473699999999996,0.8475099999999997,0.8471999999999996,0.8473099999999997,987
2026-07-20T22:00:00+00:00,0.8473099999999997,0.8476599999999996,0.8473099999999997,0.8475899999999996,971
2026-07-20T22:30:00+00:00,0.8475899999999996,0.8476099999999996,0.8474999999999997,0.8475099999999997,708
2026-07-20T23:00:00+00:00,0.8475099999999997,0.8475099999999997,0.8473799999999997,0.8474099999999997,682
2026-07-20T23:30:00+00:00,0.8474099999999997,0.8474399999999996,0.8472999999999996,0.8474199999999996,1012
2026-07-21T00:00:00+00:00,0.8474199999999996,0.8475399999999996,0.8473399999999996,0.8473599999999997,2208
2026-07-21T00:30:00+00:00,0.8473599999999997,0.8473699999999996,0.8471299999999996,0.8472199999999996,1837
2026-07-21T01:00:00+00:00,0.8472199999999996,0.8472599999999997,0.8470799999999996,0.8471199999999997,1984
2026-07-21T01:30:00+00:00,0.8471199999999997,0.8471199999999997,0.8470299999999996,0.8470899999999997,1778
2026-07-21T02:00:00+00:00,0.8470899999999997,0.8471099999999997,0.8469599999999996,0.8470599999999997,1747
2026-07-21T02:30:00+00:00,0.8470599999999997,0.8470799999999996,0.8469799999999996,0.8470599999999997,1605
2026-07-21T03:00:00+00:00,0.8470599999999997,0.8470999999999996,0.8468499999999997,0.8468799999999996,1316
2026-07-21T03:30:00+00:00,0.8468799999999996,0.8469099999999996,0.8468099999999996,0.8468299999999996,1505
2026-07-21T04:00:00+00:00,0.8468299999999996,0.8470099999999997,0.8468199999999997,0.8469699999999997,981
2026-07-21T04:30:00+00:00,0.8469699999999997,0.8470499999999996,0.8468999999999997,0.8469999999999996,1050
2026-07-21T05:00:00+00:00,0.8469999999999996,0.8470499999999996,0.8468699999999997,0.8469399999999997,1819
2026-07-21T05:30:00+00:00,0.8469399999999997,0.8469799999999996,0.8467799999999996,0.8468199999999997,2357
2026-07-21T06:00:00+00:00,0.8468199999999997,0.8468299999999996,0.8465299999999997,0.8467299999999996,3011
2026-07-21T06:30:00+00:00,0.8467299999999996,0.8468699999999997,0.8465899999999996,0.8467699999999997,3315
2026-07-21T07:00:00+00:00,0.8467699999999997,0.8473099999999997,0.8465999999999997,0.8472299999999997,4151
2026-07-21T07:30:00+00:00,0.8472299999999997,0.8475799999999997,0.8472299999999997,0.8473499999999996,3420
2026-07-21T08:00:00+00:00,0.8473499999999996,0.8475599999999996,0.8470199999999997,0.8475599999999996,3200
2026-07-21T08:30:00+00:00,0.8475599999999996,0.8479699999999997,0.8475599999999996,0.8479299999999996,2701
2026-07-21T09:00:00+00:00,0.8479299999999996,0.8483399999999996,0.8479099999999996,0.8482299999999997,2759
2026-07-21T09:30:00+00:00,0.8482299999999997,0.8482799999999997,0.8480499999999996,0.8481599999999997,2583
2026-07-21T10:00:00+00:00,0.8481599999999997,0.8485299999999997,0.8479699999999997,0.8484599999999997,3248
2026-07-21T10:30:00+00:00,0.8484599999999997,0.8489299999999996,0.8483599999999997,0.8486599999999996,3148
2026-07-21T11:00:00+00:00,0.8486599999999996,0.8492999999999996,0.8484699999999996,0.8491699999999996,3406
2026-07-21T11:30:00+00:00,0.8491699999999996,0.8494499999999997,0.8490099999999997,0.8493099999999997,2766
2026-07-21T12:00:00+00:00,0.8493099999999997,0.8504299999999997,0.8492799999999997,0.8503699999999996,4436
2026-07-21T12:30:00+00:00,0.8503699999999996,0.8504899999999996,0.8499599999999996,0.8501999999999996,5300
2026-07-21T13:00:00+00:00,0.8501999999999996,0.8504399999999996,0.8497299999999997,0.8503299999999997,5321
2026-07-21T13:30:00+00:00,0.8503299999999997,0.8513299999999997,0.8499799999999996,0.8502499999999996,7057
2026-07-21T14:00:00+00:00,0.8502499999999996,0.8504099999999997,0.8496299999999997,0.8498099999999996,5615
2026-07-21T14:30:00+00:00,0.8498099999999996,0.8507999999999997,0.8496299999999997,0.8504799999999997,6050
2026-07-21T15:00:00+00:00,0.8504799999999997,0.8505499999999997,0.8501499999999996,0.8503199999999996,5525
2026-07-21T15:30:00+00:00,0.8503199999999996,0.8505399999999996,0.8501799999999996,0.8504799999999997,3557
2026-07-21T16:00:00+00:00,0.8504799999999997,0.8507799999999996,0.8503999999999996,0.8505799999999997,2657
2026-07-21T16:30:00+00:00,0.8505799999999997,0.8505799999999997,0.8498599999999996,0.8499499999999997,2616
2026-07-21T17:00:00+00:00,0.8499499999999997,0.8500499999999996,0.8498399999999997,0.8498499999999997,2134
2026-07-21T17:30:00+00:00,0.8498499999999997,0.8498899999999997,0.8495999999999997,0.8496999999999997,1557
2026-07-21T18:00:00+00:00,0.8496999999999997,0.8498999999999997,0.8496199999999997,0.8496799999999997,2674
2026-07-21T18:30:00+00:00,0.8496799999999997,0.8497699999999997,0.8495899999999996,0.8496299999999997,1865
2026-07-21T19:00:00+00:00,0.8496299999999997,0.8496699999999997,0.8494899999999996,0.8494999999999997,1991
2026-07-21T19:30:00+00:00,0.8494999999999997,0.8496499999999997,0.8493999999999996,0.8495899999999996,2270
2026-07-21T20:00:00+00:00,0.8495899999999996,0.8497399999999996,0.8495799999999997,0.8496499999999997,1497
2026-07-21T20:30:00+00:00,0.8496499999999997,0.8496999999999997,0.8495499999999997,0.8495499999999997,1466
2026-07-21T21:00:00+00:00,0.8495499999999997,0.8498799999999996,0.8490599999999997,0.8493099999999997,740
2026-07-21T21:30:00+00:00,0.8493099999999997,0.8496899999999996,0.8492999999999996,0.8494999999999997,4214
2026-07-21T22:00:00+00:00,0.8494999999999997,0.8497599999999996,0.8494999999999997,0.8496999999999997,944
2026-07-21T22:30:00+00:00,0.8496999999999997,0.8498299999999996,0.8496799999999997,0.8498299999999996,494
2026-07-21T23:00:00+00:00,0.8498299999999996,0.8498399999999997,0.8497299999999997,0.8497999999999997,544
2026-07-21T23:30:00+00:00,0.8497999999999997,0.8498199999999997,0.8497299999999997,0.8497499999999997,1035
2026-07-22T00:00:00+00:00,0.8497499999999997,0.8497499999999997,0.8495899999999996,0.8495899999999996,3086
2026-07-22T00:30:00+00:00,0.8495899999999996,0.8496599999999996,0.8494099999999997,0.8494599999999997,2680
2026-07-22T01:00:00+00:00,0.8494599999999997,0.8495299999999997,0.8494299999999997,0.8495099999999997,3051
2026-07-22T01:30:00+00:00,0.8495099999999997,0.8495499999999997,0.8494099999999997,0.8494999999999997,1926
2026-07-22T02:00:00+00:00,0.8494999999999997,0.8496299999999997,0.8494799999999997,0.8495699999999996,1952
2026-07-22T02:30:00+00:00,0.8495699999999996,0.8496699999999997,0.8495399999999996,0.8495799999999997,2249
2026-07-22T03:00:00+00:00,0.8495799999999997,0.8497699999999997,0.8495799999999997,0.8496199999999997,1801
2026-07-22T03:30:00+00:00,0.8496199999999997,0.8498499999999997,0.8496099999999996,0.8498399999999997,1237
2026-07-22T04:00:00+00:00,0.8498399999999997,0.8498799999999996,0.8497899999999996,0.8498699999999997,1329
2026-07-22T04:30:00+00:00,0.8498699999999997,0.8498899999999997,0.8497699999999997,0.8498799999999996,1218
2026-07-22T05:00:00+00:00,0.8498799999999996,0.8498799999999996,0.8497399999999996,0.8497999999999997,1830
2026-07-22T05:30:00+00:00,0.8497999999999997,0.8501199999999997,0.8497599999999996,0.8500699999999997,2417
2026-07-22T06:00:00+00:00,0.8500699999999997,0.8507099999999996,0.8497799999999996,0.8506999999999997,4343
2026-07-22T06:30:00+00:00,0.8506999999999997,0.8508299999999996,0.8502899999999997,0.8503999999999996,3352
2026-07-22T07:00:00+00:00,0.8503999999999996,0.8504999999999997,0.8499099999999996,0.8500299999999996,4005
2026-07-22T07:30:00+00:00,0.8500299999999996,0.8502799999999997,0.8498499999999997,0.8500299999999996,4800
2026-07-22T08:00:00+00:00,0.8500299999999996,0.8503199999999996,0.8499999999999996,0.8502699999999996,3969
2026-07-22T08:30:00+00:00,0.8502699999999996,0.8506999999999997,0.8500999999999996,0.8506499999999997,3414
2026-07-22T09:00:00+00:00,0.8506499999999997,0.8510099999999996,0.8506099999999996,0.8508299999999996,3258
2026-07-22T09:30:00+00:00,0.8508299999999996,0.8509799999999996,0.8505199999999996,0.8505399999999996,3574
2026-07-22T10:00:00+00:00,0.8505399999999996,0.8506299999999997,0.8501799999999996,0.8505799999999997,3437
2026-07-22T10:30:00+00:00,0.8505799999999997,0.8508099999999996,0.8502399999999997,0.8504899999999996,3194
2026-07-22T11:00:00+00:00,0.8504899999999996,0.8507499999999997,0.8502499999999996,0.8507099999999996,3418
2026-07-22T11:30:00+00:00,0.8507099999999996,0.8508399999999997,0.8505899999999996,0.8508299999999996,4897
2026-07-22T12:00:00+00:00,0.8508299999999996,0.8511699999999996,0.8507599999999996,0.8509899999999997,4516
2026-07-22T12:30:00+00:00,0.8509899999999997,0.8514799999999997,0.8509299999999996,0.8514299999999997,4473
2026-07-22T13:00:00+00:00,0.8514299999999997,0.8514399999999996,0.8507399999999996,0.8508499999999997,4748
2026-07-22T13:30:00+00:00,0.8508499999999997,0.8508599999999996,0.8500199999999997,0.8500799999999996,6166
2026-07-22T14:00:00+00:00,0.8500799999999996,0.8503199999999996,0.8499699999999997,0.8501999999999996,5297
2026-07-22T14:30:00+00:00,0.8501999999999996,0.8506399999999996,0.8501099999999997,0.8505599999999996,5840
2026-07-22T15:00:00+00:00,0.8505599999999996,0.8507099999999996,0.8503399999999997,0.8506299999999997,4116
2026-07-22T15:30:00+00:00,0.8506299999999997,0.8507799999999996,0.8503899999999996,0.8507699999999997,4358
2026-07-22T16:00:00+00:00,0.8507699999999997,0.8510299999999996,0.8506299999999997,0.8508899999999997,3658
2026-07-22T16:30:00+00:00,0.8508899999999997,0.8509499999999997,0.8505999999999997,0.8506299999999997,3381
2026-07-22T17:00:00+00:00,0.8506299999999997,0.8509599999999996,0.8506199999999997,0.8507999999999997,2911
2026-07-22T17:30:00+00:00,0.8507999999999997,0.8508899999999997,0.8507399999999996,0.8507899999999996,2596
2026-07-22T18:00:00+00:00,0.8507899999999996,0.8508299999999996,0.8506999999999997,0.8507299999999997,2240
2026-07-22T18:30:00+00:00,0.8507299999999997,0.8507799999999996,0.8505199999999996,0.8506999999999997,2373
2026-07-22T19:00:00+00:00,0.8506999999999997,0.8508599999999996,0.8506999999999997,0.8507899999999996,2257
2026-07-22T19:30:00+00:00,0.8507899999999996,0.8508599999999996,0.8506999999999997,0.8507499999999997,2218
2026-07-22T20:00:00+00:00,0.8507499999999997,0.8507499999999997,0.8505899999999996,0.8505999999999997,2398
2026-07-22T20:30:00+00:00,0.8505999999999997,0.8507499999999997,0.8505899999999996,0.8505899999999996,1580
2026-07-22T21:00:00+00:00,0.8505899999999996,0.8505899999999996,0.8496999999999997,0.8502199999999996,1926.7768493528315
2026-07-22T21:30:00+00:00,0.8502199999999996,0.8503899999999996,0.8500999999999997,0.8503199999999997,1262
2026-07-22T22:00:00+00:00,0.8503199999999997,0.8507899999999997,0.8503199999999997,0.8507599999999997,595.0275229357799
2026-07-22T22:30:00+00:00,0.8507599999999997,0.8507899999999997,0.8507199999999997,0.8507499999999997,551
2026-07-22T23:00:00+00:00,0.8507499999999997,0.8507699999999997,0.8506799999999997,0.8507499999999997,824
2026-07-22T23:30:00+00:00,0.8507499999999997,0.8507599999999997,0.8506599999999997,0.8506999999999997,980
2026-07-23T00:00:00+00:00,0.8506999999999997,0.8507899999999997,0.8506999999999997,0.8507599999999997,2049
2026-07-23T00:30:00+00:00,0.8507599999999997,0.8508299999999996,0.8506699999999997,0.8507399999999997,1972
2026-07-23T01:00:00+00:00,0.8507399999999997,0.8508199999999997,0.8507099999999997,0.8507999999999997,3010
2026-07-23T01:30:00+00:00,0.8507999999999997,0.8508199999999997,0.8505999999999997,0.8506499999999997,2909
2026-07-23T02:00:00+00:00,0.8506499999999997,0.8508199999999997,0.8505199999999997,0.8507999999999997,2142
2026-07-23T02:30:00+00:00,0.8507999999999997,0.8510499999999996,0.8507599999999997,0.8509699999999997,1822
2026-07-23T03:00:00+00:00,0.8509699999999997,0.8511099999999997,0.8509499999999997,0.8510499999999996,2291
2026-07-23T03:30:00+00:00,0.8510499999999996,0.8511899999999997,0.8510299999999997,0.8511499999999997,1691
2026-07-23T04:00:00+00:00,0.8511499999999997,0.8515299999999997,0.8511199999999997,0.8514899999999997,1889
2026-07-23T04:30:00+00:00,0.8514899999999997,0.8515399999999997,0.8513499999999997,0.8515299999999997,1439
2026-07-23T05:00:00+00:00,0.8515299999999997,0.8516499999999997,0.8514499999999997,0.8514599999999997,1838
2026-07-23T05:30:00+00:00,0.8514599999999997,0.8514599999999997,0.8513299999999997,0.8513899999999996,2131
2026-07-23T06:00:00+00:00,0.8513899999999996,0.8514299999999997,0.8511499999999997,0.8511899999999997,3137
2026-07-23T06:30:00+00:00,0.8511899999999997,0.8517099999999997,0.8511699999999996,0.8516199999999997,2784
2026-07-23T07:00:00+00:00,0.8516199999999997,0.8518899999999997,0.8514399999999996,0.8516799999999997,4070
2026-07-23T07:30:00+00:00,0.8516799999999997,0.8519299999999997,0.8516099999999996,0.8517799999999996,3961
2026-07-23T08:00:00+00:00,0.8517799999999996,0.8518799999999997,0.8514099999999997,0.8516699999999997,3924
2026-07-23T08:30:00+00:00,0.8516699999999997,0.8516999999999997,0.8509899999999997,0.8510699999999997,4319
2026-07-23T09:00:00+00:00,0.8510699999999997,0.8512399999999997,0.8509799999999997,0.8510799999999997,3393
2026-07-23T09:30:00+00:00,0.8510799999999997,0.8511599999999997,0.8506299999999997,0.8509999999999996,3442
2026-07-23T10:00:00+00:00,0.8509999999999996,0.8510799999999997,0.8507699999999997,0.8508399999999997,3513
2026-07-23T10:30:00+00:00,0.8508399999999997,0.8510299999999997,0.8505099999999997,0.8506799999999997,3938
2026-07-23T11:00:00+00:00,0.8506799999999997,0.8508999999999997,0.8505999999999997,0.8507399999999997,4568
2026-07-23T11:30:00+00:00,0.8507399999999997,0.8508399999999997,0.8505099999999997,0.8506999999999997,6699
2026-07-23T12:00:00+00:00,0.8506999999999997,0.8508399999999997,0.8504699999999997,0.8505199999999997,5014
2026-07-23T12:30:00+00:00,0.8505199999999997,0.8508499999999997,0.8503599999999997,0.8507899999999997,6494
2026-07-23T13:00:00+00:00,0.8507899999999997,0.8509599999999997,0.8504199999999997,0.8507299999999997,7464
2026-07-23T13:30:00+00:00,0.8507299999999997,0.8508799999999997,0.8504699999999997,0.8507699999999997,6834
2026-07-23T14:00:00+00:00,0.8507699999999997,0.8509599999999997,0.8505299999999997,0.8507299999999997,6761
2026-07-23T14:30:00+00:00,0.8507299999999997,0.8513699999999997,0.8506799999999997,0.8512599999999997,6803
2026-07-23T15:00:00+00:00,0.8512599999999997,0.8520499999999996,0.8512099999999997,0.8520099999999997,6613
2026-07-23T15:30:00+00:00,0.8520099999999997,0.8521999999999997,0.8518899999999997,0.8519599999999997,5716
2026-07-23T16:00:00+00:00,0.8519599999999997,0.8519899999999997,0.8516499999999997,0.8517199999999997,4632
2026-07-23T16:30:00+00:00,0.8517199999999997,0.8518899999999997,0.8513599999999997,0.8516299999999997,4005
2026-07-23T17:00:00+00:00,0.8516299999999997,0.8517099999999997,0.8514999999999997,0.8515699999999997,3264
2026-07-23T17:30:00+00:00,0.8515699999999997,0.8516799999999997,0.8515199999999997,0.8516199999999997,3808
2026-07-23T18:00:00+00:00,0.8516199999999997,0.8517399999999997,0.8515599999999997,0.8516999999999997,3590
2026-07-23T18:30:00+00:00,0.8516999999999997,0.8518599999999997,0.8516399999999997,0.8517999999999997,2404
2026-07-23T19:00:00+00:00,0.8517999999999997,0.8520299999999997,0.8517599999999997,0.8518699999999997,1903
2026-07-23T19:30:00+00:00,0.8518699999999997,0.8519399999999997,0.8517699999999997,0.8518799999999997,2435
2026-07-23T20:00:00+00:00,0.8518799999999997,0.8520499999999996,0.8518499999999997,0.8520199999999997,1197
2026-07-23T20:30:00+00:00,0.8520199999999997,0.8520499999999996,0.8518099999999997,0.8518099999999997,1294
2026-07-23T21:00:00+00:00,0.8518099999999997,0.8518099999999997,0.8511699999999996,0.8516599999999996,409.34962314612204
2026-07-23T21:30:00+00:00,0.8516599999999996,0.8520599999999997,0.8515299999999997,0.8515599999999997,1721
2026-07-23T22:00:00+00:00,0.8515599999999997,0.8521199999999997,0.8515599999999997,0.8521099999999997,786
2026-07-23T22:30:00+00:00,0.8521099999999997,0.8521299999999997,0.8520499999999996,0.8520999999999997,421
2026-07-23T23:00:00+00:00,0.8520999999999997,0.8521699999999996,0.8520699999999997,0.8520699999999997,497
2026-07-23T23:30:00+00:00,0.8520699999999997,0.8521399999999997,0.8520399999999997,0.8520899999999997,1567
2026-07-24T00:00:00+00:00,0.8520899999999997,0.8520999999999997,0.8519999999999996,0.8520499999999996,4274
2026-07-24T00:30:00+00:00,0.8520499999999996,0.8520599999999997,0.8518599999999997,0.8518699999999997,3129
2026-07-24T01:00:00+00:00,0.8518699999999997,0.8520299999999997,0.8518499999999997,0.8519799999999997,3565
2026-07-24T01:30:00+00:00,0.8519799999999997,0.8521399999999997,0.8519499999999997,0.8520999999999997,2830
2026-07-24T02:00:00+00:00,0.8520999999999997,0.8522799999999997,0.8520899999999997,0.8522399999999997,2237
2026-07-24T02:30:00+00:00,0.8522399999999997,0.8523599999999997,0.8522399999999997,0.8522999999999997,1880
2026-07-24T03:00:00+00:00,0.8522999999999997,0.8523499999999997,0.8522499999999997,0.8523199999999997,2550
2026-07-24T03:30:00+00:00,0.8523199999999997,0.8524199999999997,0.8523099999999997,0.8524099999999997,2342
2026-07-24T04:00:00+00:00,0.8524099999999997,0.8525099999999997,0.8523999999999997,0.8524299999999997,1633
2026-07-24T04:30:00+00:00,0.8524299999999997,0.8524899999999997,0.8524099999999997,0.8524199999999997,2024
2026-07-24T05:00:00+00:00,0.8524199999999997,0.8524699999999997,0.8523499999999997,0.8523599999999997,1939
2026-07-24T05:30:00+00:00,0.8523599999999997,0.8524099999999997,0.8522299999999997,0.8523999999999997,2547
2026-07-24T06:00:00+00:00,0.8523999999999997,0.8524599999999997,0.8521199999999997,0.8522399999999997,2847
2026-07-24T06:30:00+00:00,0.8522399999999997,0.8522999999999997,0.8519899999999997,0.8520199999999997,3372
2026-07-24T07:00:00+00:00,0.8520199999999997,0.8521899999999997,0.8517299999999997,0.8518599999999997,4350
2026-07-24T07:30:00+00:00,0.8518599999999997,0.8520599999999997,0.8515699999999997,0.8515899999999997,4356
2026-07-24T08:00:00+00:00,0.8515899999999997,0.8517299999999997,0.8514199999999997,0.8516099999999996,3616
2026-07-24T08:30:00+00:00,0.8516099999999996,0.8520699999999997,0.8514499999999997,0.8520399999999997,4417
2026-07-24T09:00:00+00:00,0.8520399999999997,0.8527599999999997,0.8520399999999997,0.8524799999999997,3931
2026-07-24T09:30:00+00:00,0.8524799999999997,0.8527299999999997,0.8522299999999997,0.8526099999999996,3329
2026-07-24T10:00:00+00:00,0.8526099999999996,0.8529099999999997,0.8522399999999997,0.8522899999999997,3588
2026-07-24T10:30:00+00:00,0.8522899999999997,0.8523099999999997,0.8516699999999997,0.8519799999999997,3706
2026-07-24T11:00:00+00:00,0.8519799999999997,0.8520499999999996,0.8517299999999997,0.8517299999999997,3307
2026-07-24T11:30:00+00:00,0.8517299999999997,0.8517999999999997,0.8512299999999997,0.8512899999999997,3852
2026-07-24T12:00:00+00:00,0.8512899999999997,0.8517299999999997,0.8511599999999997,0.8516699999999997,4116
2026-07-24T12:30:00+00:00,0.8516699999999997,0.8518799999999997,0.8515399999999997,0.8517499999999997,4180
2026-07-24T13:00:00+00:00,0.8517499999999997,0.8517899999999997,0.8512699999999997,0.8512799999999997,4523
2026-07-24T13:30:00+00:00,0.8512799999999997,0.8514799999999997,0.8509699999999997,0.8512599999999997,5694
2026-07-24T14:00:00+00:00,0.8512599999999997,0.8513699999999997,0.8508899999999997,0.8511499999999997,5288
2026-07-24T14:30:00+00:00,0.8511499999999997,0.8514299999999997,0.8509599999999997,0.8513299999999997,6169
2026-07-24T15:00:00+00:00,0.8513299999999997,0.8514199999999997,0.8507599999999997,0.8507699999999997,7329
2026-07-24T15:30:00+00:00,0.8507699999999997,0.8510299999999997,0.8507499999999997,0.8508099999999997,3957
2026-07-24T16:00:00+00:00,0.8508099999999997,0.8508199999999997,0.8506199999999997,0.8508099999999997,3205
2026-07-24T16:30:00+00:00,0.8508099999999997,0.8510399999999997,0.8507499999999997,0.8508999999999997,3458
2026-07-24T17:00:00+00:00,0.8508999999999997,0.8510299999999997,0.8508099999999997,0.8508599999999997,4015
2026-07-24T17:30:00+00:00,0.8508599999999997,0.8509399999999997,0.8506999999999997,0.8507599999999997,2678
2026-07-24T18:00:00+00:00,0.8507599999999997,0.8507999999999997,0.8505399999999997,0.8506599999999997,2822
2026-07-24T18:30:00+00:00,0.8506599999999997,0.8507699999999997,0.8506099999999996,0.8507599999999997,2580
2026-07-24T19:00:00+00:00,0.8507599999999997,0.8508599999999997,0.8506599999999997,0.8507999999999997,2948
2026-07-24T19:30:00+00:00,0.8507999999999997,0.8510599999999997,0.8506799999999997,0.8510299999999997,3906
2026-07-24T20:00:00+00:00,0.8510299999999997,0.8510799999999997,0.8509499999999997,0.8510099999999997,1432
2026-07-24T20:30:00+00:00,0.8510099999999997,0.8511999999999997,0.8503499999999997,0.8506299999999997,2318.0559265442403
2026-07-26T21:00:00+00:00,0.8506299999999997,0.8512199999999996,0.8505499999999996,0.8509399999999996,480.3595872741983
2026-07-26T21:30:00+00:00,0.8509399999999996,0.8511399999999997,0.8503599999999997,0.8503599999999997,905
2026-07-26T22:00:00+00:00,0.8503599999999997,0.8508099999999996,0.8503599999999997,0.8505199999999996,3811
2026-07-26T22:30:00+00:00,0.8505199999999996,0.8506699999999996,0.8504599999999997,0.8505699999999996,1872
2026-07-26T23:00:00+00:00,0.8505699999999996,0.8506599999999996,0.8504499999999996,0.8504899999999996,1098
2026-07-26T23:30:00+00:00,0.8504899999999996,0.8505199999999996,0.8504199999999996,0.8505099999999997,1304
2026-07-27T00:00:00+00:00,0.8505099999999997,0.8511199999999997,0.8504999999999996,0.8510799999999996,4594
2026-07-27T00:30:00+00:00,0.8510799999999996,0.8511299999999996,0.8507799999999996,0.8509999999999996,3998
2026-07-27T01:00:00+00:00,0.8509999999999996,0.8511499999999996,0.8509699999999997,0.8511499999999996,3708
2026-07-27T01:30:00+00:00,0.8511499999999996,0.8512299999999996,0.8510399999999997,0.8511699999999996,3223
2026-07-27T02:00:00+00:00,0.8511699999999996,0.8511899999999997,0.8510599999999996,0.8510899999999997,2895
2026-07-27T02:30:00+00:00,0.8510899999999997,0.8511699999999996,0.8510399999999997,0.8510399999999997,2306
2026-07-27T03:00:00+00:00,0.8510399999999997,0.8511299999999996,0.8509499999999997,0.8510299999999996,1911
2026-07-27T03:30:00+00:00,0.8510299999999996,0.8511599999999996,0.8510099999999996,0.8510399999999997,1419
2026-07-27T04:00:00+00:00,0.8510399999999997,0.8511499999999996,0.8509899999999997,0.8511299999999996,1321
2026-07-27T04:30:00+00:00,0.8511299999999996,0.8511699999999996,0.8510199999999997,0.8511699999999996,1368
2026-07-27T05:00:00+00:00,0.8511699999999996,0.8511799999999996,0.8510499999999996,0.8511499999999996,1876
2026-07-27T05:30:00+00:00,0.8511499999999996,0.8512299999999996,0.8510599999999996,0.8512199999999996,2141
2026-07-27T06:00:00+00:00,0.8512199999999996,0.8515399999999996,0.8512199999999996,0.8513899999999996,3838
2026-07-27T06:30:00+00:00,0.8513899999999996,0.8516699999999996,0.8513199999999996,0.8515799999999997,3640
2026-07-27T07:00:00+00:00,0.8515799999999997,0.8519799999999996,0.8514999999999996,0.8516799999999997,4788
2026-07-27T07:30:00+00:00,0.8516799999999997,0.8517899999999996,0.8514699999999996,0.8516299999999997,4368
2026-07-27T08:00:00+00:00,0.8516299999999997,0.8518499999999997,0.8515199999999996,0.8516499999999997,4105
2026-07-27T08:30:00+00:00,0.8516499999999997,0.8518999999999997,0.8516399999999996,0.8518899999999996,3245
2026-07-27T09:00:00+00:00,0.8518899999999996,0.8519999999999996,0.8517199999999996,0.8517999999999997,3351
2026-07-27T09:30:00+00:00,0.8517999999999997,0.8519499999999997,0.8517199999999996,0.8518899999999996,3273
2026-07-27T10:00:00+00:00,0.8518899999999996,0.8521399999999997,0.8518299999999996,0.8521199999999997,3480
2026-07-27T10:30:00+00:00,0.8521199999999997,0.8526799999999997,0.8520399999999997,0.8525899999999996,3395
2026-07-27T11:00:00+00:00,0.8525899999999996,0.8529399999999996,0.8524299999999997,0.8525899999999996,3997
2026-07-27T11:30:00+00:00,0.8525899999999996,0.8529799999999996,0.8521899999999997,0.8522399999999997,4655
2026-07-27T12:00:00+00:00,0.8522399999999997,0.8525099999999997,0.8520299999999996,0.8520499999999996,3954
2026-07-27T12:30:00+00:00,0.8520499999999996,0.8522699999999996,0.8518399999999996,0.8520299999999996,4457
2026-07-27T13:00:00+00:00,0.8520299999999996,0.8523099999999997,0.8516699999999996,0.8517299999999997,4821
2026-07-27T13:30:00+00:00,0.8517299999999997,0.8517299999999997,0.8514699999999996,0.8515499999999996,5701
2026-07-27T14:00:00+00:00,0.8515499999999996,0.8516099999999996,0.8511999999999996,0.8515499999999996,4995
2026-07-27T14:30:00+00:00,0.8515499999999996,0.8519999999999996,0.8513099999999997,0.8519099999999996,5563
2026-07-27T15:00:00+00:00,0.8519099999999996,0.8520599999999996,0.8517299999999997,0.8519899999999997,5221
2026-07-27T15:30:00+00:00,0.8519899999999997,0.8521899999999997,0.8519299999999996,0.8521499999999996,3840
2026-07-27T16:00:00+00:00,0.8521499999999996,0.8524399999999996,0.8519599999999996,0.8521599999999996,4524
2026-07-27T16:30:00+00:00,0.8521599999999996,0.8524999999999996,0.8521499999999996,0.8524399999999996,3877
2026-07-27T17:00:00+00:00,0.8524399999999996,0.8529899999999997,0.8523899999999996,0.8528299999999996,4293
2026-07-27T17:30:00+00:00,0.8528299999999996,0.8528899999999996,0.8526299999999997,0.8526499999999997,2923
2026-07-27T18:00:00+00:00,0.8526499999999997,0.8527199999999996,0.8525499999999996,0.8525999999999997,2998
2026-07-27T18:30:00+00:00,0.8525999999999997,0.8526099999999996,0.8524199999999996,0.8525299999999997,3817
2026-07-27T19:00:00+00:00,0.8525299999999997,0.8525299999999997,0.8523399999999997,0.8523899999999996,2359
2026-07-27T19:30:00+00:00,0.8523899999999996,0.8524799999999997,0.8523199999999996,0.8524199999999996,2685
2026-07-27T20:00:00+00:00,0.8524199999999996,0.8526299999999997,0.8523999999999996,0.8525899999999996,1448
2026-07-27T20:30:00+00:00,0.8525899999999996,0.8526299999999997,0.8523999999999996,0.8523999999999996,1345
2026-07-27T21:00:00+00:00,0.8523999999999996,0.8524099999999997,0.8514499999999996,0.8522999999999996,2913.344074053513
2026-07-27T21:30:00+00:00,0.8522999999999996,0.8524499999999996,0.8520899999999996,0.8522999999999996,10910
2026-07-27T22:00:00+00:00,0.8522999999999996,0.8526999999999996,0.8522499999999996,0.8526299999999996,1159
2026-07-27T22:30:00+00:00,0.8526299999999996,0.8526799999999995,0.8525899999999996,0.8526199999999996,434
2026-07-27T23:00:00+00:00,0.8526199999999996,0.8526899999999996,0.8526199999999996,0.8526299999999996,681
2026-07-27T23:30:00+00:00,0.8526299999999996,0.8526399999999996,0.8525399999999996,0.8525499999999996,751
2026-07-28T00:00:00+00:00,0.8525499999999996,0.8526599999999996,0.8524999999999996,0.8525999999999996,2943
2026-07-28T00:30:00+00:00,0.8525999999999996,0.8527799999999995,0.8525999999999996,0.8527199999999996,2210
2026-07-28T01:00:00+00:00,0.8527199999999996,0.8528299999999995,0.8525699999999996,0.8526899999999996,3081
2026-07-28T01:30:00+00:00,0.8526899999999996,0.8527399999999996,0.8526199999999996,0.8527099999999996,2390
2026-07-28T02:00:00+00:00,0.8527099999999996,0.8527099999999996,0.8525299999999996,0.8525499999999996,2091
2026-07-28T02:30:00+00:00,0.8525499999999996,0.8526399999999996,0.8525399999999996,0.8526199999999996,2104
2026-07-28T03:00:00+00:00,0.8526199999999996,0.8526499999999996,0.8524599999999996,0.8524899999999996,2547
2026-07-28T03:30:00+00:00,0.8524899999999996,0.8524999999999996,0.8523499999999996,0.8524299999999996,2662
2026-07-28T04:00:00+00:00,0.8524299999999996,0.8524899999999996,0.8523399999999995,0.8523699999999996,2019
2026-07-28T04:30:00+00:00,0.8523699999999996,0.8524099999999996,0.8522299999999996,0.8522299999999996,1479
2026-07-28T05:00:00+00:00,0.8522299999999996,0.8522599999999996,0.8520799999999996,0.8522099999999996,1980
2026-07-28T05:30:00+00:00,0.8522099999999996,0.8524499999999996,0.8521899999999996,0.8524299999999996,2203
2026-07-28T06:00:00+00:00,0.8524299999999996,0.8525499999999996,0.8522799999999996,0.8522999999999996,3320
2026-07-28T06:30:00+00:00,0.8522999999999996,0.8525099999999995,0.8518099999999996,0.8519399999999996,3031
2026-07-28T07:00:00+00:00,0.8519399999999996,0.8521699999999995,0.8517099999999996,0.8517799999999995,3414
2026-07-28T07:30:00+00:00,0.8517799999999995,0.8521399999999996,0.8517199999999996,0.8520999999999996,3202
2026-07-28T08:00:00+00:00,0.8520999999999996,0.8521399999999996,0.8517099999999996,0.8518899999999996,3920
2026-07-28T08:30:00+00:00,0.8518899999999996,0.8521699999999995,0.8517999999999996,0.8519699999999996,2938
2026-07-28T09:00:00+00:00,0.8519699999999996,0.8521899999999996,0.8519299999999996,0.8520999999999996,2620
2026-07-28T09:30:00+00:00,0.8520999999999996,0.8523699999999996,0.8519899999999996,0.8522199999999995,3216
2026-07-28T10:00:00+00:00,0.8522199999999995,0.8525599999999995,0.8522199999999995,0.8523599999999996,3166
2026-07-28T10:30:00+00:00,0.8523599999999996,0.8528199999999996,0.8523099999999996,0.8525899999999996,3920
2026-07-28T11:00:00+00:00,0.8525899999999996,0.8528899999999996,0.8524799999999996,0.8528699999999996,4029
2026-07-28T11:30:00+00:00,0.8528699999999996,0.8531099999999996,0.8526499999999996,0.8529099999999996,3761
2026-07-28T12:00:00+00:00,0.8529099999999996,0.8529099999999996,0.8522899999999995,0.8523699999999996,3514
2026-07-28T12:30:00+00:00,0.8523699999999996,0.8523999999999996,0.8517599999999996,0.8517899999999996,3537
2026-07-28T13:00:00+00:00,0.8517899999999996,0.8521599999999996,0.8516299999999996,0.8520099999999996,3777
2026-07-28T13:30:00+00:00,0.8520099999999996,0.8522599999999996,0.8519599999999996,0.8520899999999996,4804
2026-07-28T14:00:00+00:00,0.8520899999999996,0.8528699999999996,0.8519799999999996,0.8528399999999996,4516
2026-07-28T14:30:00+00:00,0.8528399999999996,0.8537899999999996,0.8526899999999996,0.8536999999999996,6564
2026-07-28T15:00:00+00:00,0.8536999999999996,0.8537899999999996,0.8534099999999996,0.8536399999999996,7652
2026-07-28T15:30:00+00:00,0.8536399999999996,0.8537899999999996,0.8534799999999996,0.8536499999999996,4786
2026-07-28T16:00:00+00:00,0.8536499999999996,0.8541299999999996,0.8535799999999996,0.8540799999999996,3867
2026-07-28T16:30:00+00:00,0.8540799999999996,0.8541499999999996,0.8537599999999996,0.8538299999999995,4072
2026-07-28T17:00:00+00:00,0.8538299999999995,0.8538799999999996,0.8536599999999996,0.8537299999999995,4079
2026-07-28T17:30:00+00:00,0.8537299999999995,0.8540199999999996,0.8537099999999996,0.8539399999999996,2775
2026-07-28T18:00:00+00:00,0.8539399999999996,0.8541499999999996,0.8539099999999996,0.8540899999999996,3137
2026-07-28T18:30:00+00:00,0.8540899999999996,0.8540899999999996,0.8538699999999996,0.8539399999999996,2575
2026-07-28T19:00:00+00:00,0.8539399999999996,0.8540299999999996,0.8538199999999996,0.8539899999999996,2278
2026-07-28T19:30:00+00:00,0.8539899999999996,0.8540899999999996,0.8538499999999996,0.8540399999999996,2983
2026-07-28T20:00:00+00:00,0.8540399999999996,0.8540799999999996,0.8539199999999996,0.8539499999999995,1576
2026-07-28T20:30:00+00:00,0.8539499999999995,0.8540899999999996,0.8537799999999995,0.8538599999999996,2212
2026-07-28T21:00:00+00:00,0.8538599999999996,0.8540699999999996,0.8531699999999995,0.8539499999999995,1319.448488859475
2026-07-28T21:30:00+00:00,0.8539499999999995,0.8541399999999996,0.8538599999999996,0.8541099999999996,1570
2026-07-28T22:00:00+00:00,0.8541099999999996,0.8541899999999996,0.8539899999999996,0.8540799999999996,698
2026-07-28T22:30:00+00:00,0.8540799999999996,0.8541699999999995,0.8540599999999996,0.8540999999999996,693
2026-07-28T23:00:00+00:00,0.8540999999999996,0.8541599999999996,0.8540299999999996,0.8540699999999996,1064
2026-07-28T23:30:00+00:00,0.8540699999999996,0.8541099999999996,0.8539399999999996,0.8540199999999996,1395
2026-07-29T00:00:00+00:00,0.8540199999999996,0.8540699999999996,0.8538799999999996,0.8539799999999996,2705
2026-07-29T00:30:00+00:00,0.8539799999999996,0.8540299999999996,0.8538499999999996,0.8540199999999996,2421
2026-07-29T01:00:00+00:00,0.8540199999999996,0.8542099999999996,0.8539499999999995,0.8541799999999996,2322
2026-07-29T01:30:00+00:00,0.8541799999999996,0.8543799999999996,0.8541799999999996,0.8543199999999996,2173
2026-07-29T02:00:00+00:00,0.8543199999999996,0.8543299999999996,0.8540099999999996,0.8540799999999996,2269
2026-07-29T02:30:00+00:00,0.8540799999999996,0.8542099999999996,0.8540199999999996,0.8541999999999996,2288
2026-07-29T03:00:00+00:00,0.8541999999999996,0.8543199999999996,0.8541299999999996,0.8542999999999996,1556
2026-07-29T03:30:00+00:00,0.8542999999999996,0.8543899999999995,0.8542799999999996,0.8542999999999996,1735
2026-07-29T04:00:00+00:00,0.8542999999999996,0.8544599999999996,0.8542199999999995,0.8543199999999996,2026
2026-07-29T04:30:00+00:00,0.8543199999999996,0.8544499999999996,0.8542799999999996,0.8544399999999995,2244
2026-07-29T05:00:00+00:00,0.8544399999999995,0.8544499999999996,0.8542799999999996,0.8543099999999996,1846
2026-07-29T05:30:00+00:00,0.8543099999999996,0.8543199999999996,0.8541299999999996,0.8541399999999996,2061
2026-07-29T06:00:00+00:00,0.8541399999999996,0.8541699999999995,0.8538299999999995,0.8539899999999996,2938
2026-07-29T06:30:00+00:00,0.8539899999999996,0.8540399999999996,0.8536499999999996,0.8537899999999996,2292
2026-07-29T07:00:00+00:00,0.8537899999999996,0.8539899999999996,0.8536999999999996,0.8538199999999996,2838
2026-07-29T07:30:00+00:00,0.8538199999999996,0.8541499999999996,0.8537199999999996,0.8539199999999996,2904
2026-07-29T08:00:00+00:00,0.8539199999999996,0.8541099999999996,0.8537199999999996,0.8537699999999996,2541
2026-07-29T08:30:00+00:00,0.8537699999999996,0.8538699999999996,0.8534699999999996,0.8535599999999995,2097
2026-07-29T09:00:00+00:00,0.8535599999999995,0.8537799999999995,0.8535099999999995,0.8536199999999996,2408
2026-07-29T09:30:00+00:00,0.8536199999999996,0.8539899999999998,0.8535799999999996,0.8538299999999998,2864
2026-07-29T10:00:00+00:00,0.8538299999999998,0.8541499999999997,0.8537599999999997,0.8540999999999997,3219
2026-07-29T10:30:00+00:00,0.8540999999999997,0.8541399999999998,0.8536499999999998,0.8537099999999997,2885
2026-07-29T11:00:00+00:00,0.8537099999999997,0.8538399999999997,0.8534399999999998,0.8534499999999997,2454
2026-07-29T11:30:00+00:00,0.8534499999999997,0.8535399999999997,0.8532799999999998,0.8533599999999998,3287
2026-07-29T12:00:00+00:00,0.8533599999999998,0.8537299999999998,0.8532899999999998,0.8535399999999997,4639
2026-07-29T12:30:00+00:00,0.8535399999999997,0.8538699999999998,0.8533599999999998,0.8536299999999998,3585
2026-07-29T13:00:00+00:00,0.8536299999999998,0.8540299999999997,0.8535499999999998,0.8539099999999997,3310
2026-07-29T13:30:00+00:00,0.8539099999999997,0.8542299999999997,0.8537399999999997,0.8540099999999997,4946
2026-07-29T14:00:00+00:00,0.8540099999999997,0.8541799999999997,0.8538099999999997,0.8539299999999997,4392
2026-07-29T14:30:00+00:00,0.8539299999999997,0.8541999999999997,0.8534899999999997,0.8536299999999998,6164
2026-07-29T15:00:00+00:00,0.8536299999999998,0.8539399999999998,0.8535399999999997,0.8536799999999998,5356
2026-07-29T15:30:00+00:00,0.8536799999999998,0.8538499999999998,0.8534499999999997,0.8538099999999997,3903
2026-07-29T16:00:00+00:00,0.8538099999999997,0.8538699999999998,0.8536099999999998,0.8538499999999998,3454
2026-07-29T16:30:00+00:00,0.8538499999999998,0.8540599999999998,0.8538199999999998,0.8538399999999997,2919
2026-07-29T17:00:00+00:00,0.8538399999999997,0.8539099999999997,0.8536999999999998,0.8537099999999997,3146
2026-07-29T17:30:00+00:00,0.8537099999999997,0.8538999999999998,0.8535299999999998,0.8535499999999998,3861
2026-07-29T18:00:00+00:00,0.8535499999999998,0.8541299999999997,0.8522999999999997,0.8538999999999998,9344
2026-07-29T18:30:00+00:00,0.8538999999999998,0.8540699999999998,0.8536899999999997,0.8539399999999998,11029
2026-07-29T19:00:00+00:00,0.8539399999999998,0.8544199999999997,0.8535299999999998,0.8543799999999998,9447
2026-07-29T19:30:00+00:00,0.8543799999999998,0.8549699999999998,0.8542699999999998,0.8548199999999998,8428
2026-07-29T20:00:00+00:00,0.8548199999999998,0.8554099999999998,0.8547799999999998,0.8553999999999997,4554
2026-07-29T20:30:00+00:00,0.8553999999999997,0.8556599999999998,0.8547299999999998,0.8547299999999998,4794
2026-07-29T21:00:00+00:00,0.8547299999999998,0.8547299999999998,0.8538999999999998,0.8544799999999998,2524
2026-07-29T21:30:00+00:00,0.8544799999999998,0.8548399999999997,0.8544499999999997,0.8545999999999998,8026
2026-07-29T22:00:00+00:00,0.8545999999999998,0.8550699999999998,0.8545999999999998,0.8550099999999997,3273
2026-07-29T22:30:00+00:00,0.8550099999999997,0.8551399999999997,0.8549199999999998,0.8551299999999997,627.0193832599118
2026-07-29T23:00:00+00:00,0.8551299999999997,0.8551499999999997,0.8549499999999998,0.8549899999999997,1512
2026-07-29T23:30:00+00:00,0.8549899999999997,0.8550299999999997,0.8548599999999997,0.8549499999999998,1595
2026-07-30T00:00:00+00:00,0.8549499999999998,0.8550699999999997,0.8549099999999997,0.8549999999999998,4750
2026-07-30T00:30:00+00:00,0.8549999999999998,0.8550799999999997,0.8549299999999997,0.8550299999999997,3128
2026-07-30T01:00:00+00:00,0.8550299999999997,0.8550699999999997,0.8548299999999998,0.8548799999999998,3722
2026-07-30T01:30:00+00:00,0.8548799999999998,0.8549699999999997,0.8547899999999997,0.8548799999999998,3083
2026-07-30T02:00:00+00:00,0.8548799999999998,0.8550199999999997,0.8547299999999998,0.8549799999999997,2436
2026-07-30T02:30:00+00:00,0.8549799999999997,0.8551099999999997,0.8549599999999997,0.8550499999999998,2037
2026-07-30T03:00:00+00:00,0.8550499999999998,0.8552699999999998,0.8550099999999997,0.8551099999999997,2323
2026-07-30T03:30:00+00:00,0.8551099999999997,0.8551499999999997,0.8549799999999997,0.8550399999999997,2049
2026-07-30T04:00:00+00:00,0.8550399999999997,0.8551599999999997,0.8550399999999997,0.8550799999999996,1993
2026-07-30T04:30:00+00:00,0.8550799999999996,0.8552199999999996,0.8550699999999997,0.8551799999999996,1665
2026-07-30T05:00:00+00:00,0.8551799999999996,0.8553299999999997,0.8547899999999996,0.8548299999999996,2476
2026-07-30T05:30:00+00:00,0.8548299999999996,0.8549099999999996,0.8545999999999997,0.8548199999999997,2992
2026-07-30T06:00:00+00:00,0.8548199999999997,0.8553399999999997,0.8546799999999997,0.8552699999999996,3913
2026-07-30T06:30:00+00:00,0.8552699999999996,0.8554199999999996,0.8549899999999997,0.8550299999999996,3257
2026-07-30T07:00:00+00:00,0.8550299999999996,0.8550799999999996,0.8542299999999996,0.8544999999999997,5140
2026-07-30T07:30:00+00:00,0.8544999999999997,0.8546299999999997,0.8542499999999996,0.8545699999999996,4095
2026-07-30T08:00:00+00:00,0.8545699999999996,0.8547899999999996,0.8543899999999996,0.8546499999999997,4852
2026-07-30T08:30:00+00:00,0.8546499999999997,0.8546499999999997,0.8542799999999996,0.8543199999999996,3999
2026-07-30T09:00:00+00:00,0.8543199999999996,0.8544499999999996,0.8539499999999997,0.8541999999999996,4110
2026-07-30T09:30:00+00:00,0.8541999999999996,0.8542899999999997,0.8538399999999996,0.8539599999999996,3713
2026-07-30T10:00:00+00:00,0.8539599999999996,0.8546499999999996,0.8539499999999997,0.8544499999999996,5419
2026-07-30T10:30:00+00:00,0.8544499999999996,0.8545299999999996,0.8535799999999997,0.8539899999999996,5961
2026-07-30T11:00:00+00:00,0.8539899999999996,0.8545999999999996,0.8533499999999996,0.8544599999999997,6057
2026-07-30T11:30:00+00:00,0.8544599999999997,0.8545299999999996,0.8541899999999997,0.8543299999999996,3773
2026-07-30T12:00:00+00:00,0.8543299999999996,0.8546099999999996,0.8540599999999996,0.8542599999999996,5107
2026-07-30T12:30:00+00:00,0.8542599999999996,0.8552799999999996,0.8542099999999996,0.8551499999999996,8251
2026-07-30T13:00:00+00:00,0.8551499999999996,0.8557299999999997,0.8548699999999996,0.8556799999999997,6595
2026-07-30T13:30:00+00:00,0.8556799999999997,0.8557999999999997,0.8543799999999996,0.8553399999999997,11738
2026-07-30T14:00:00+00:00,0.8553399999999997,0.8554699999999996,0.8544899999999996,0.8549599999999996,12910
2026-07-30T14:30:00+00:00,0.8549599999999996,0.8549799999999996,0.8537399999999996,0.8540199999999997,8556
2026-07-30T15:00:00+00:00,0.8540199999999997,0.8540399999999996,0.8536899999999996,0.8538099999999996,7330
2026-07-30T15:30:00+00:00,0.8538099999999996,0.8539699999999997,0.8530899999999996,0.8531799999999996,5890
2026-07-30T16:00:00+00:00,0.8531799999999996,0.8533599999999997,0.8529099999999996,0.8533399999999997,5856
2026-07-30T16:30:00+00:00,0.8533399999999997,0.8534699999999996,0.8530899999999996,0.8533699999999996,4010
2026-07-30T17:00:00+00:00,0.8533699999999996,0.8534099999999997,0.8529099999999996,0.8530999999999996,3568
2026-07-30T17:30:00+00:00,0.8530999999999996,0.8531999999999996,0.8528799999999996,0.8529799999999996,6301
2026-07-30T18:00:00+00:00,0.8529799999999996,0.8534199999999996,0.8529699999999997,0.8531799999999996,3949
2026-07-30T18:30:00+00:00,0.8531799999999996,0.8532899999999997,0.8530899999999996,0.8531599999999996,3300
2026-07-30T19:00:00+00:00,0.8531599999999996,0.8532099999999996,0.8530099999999996,0.8531899999999997,3326
2026-07-30T19:30:00+00:00,0.8531899999999997,0.8532599999999996,0.8530599999999996,0.8532399999999997,4030
2026-07-30T20:00:00+00:00,0.8532399999999997,0.8533099999999996,0.8530999999999996,0.8532599999999996,2413
2026-07-30T20:30:00+00:00,0.8532599999999996,0.8533399999999997,0.8529899999999996,0.8531599999999996,2072
2026-07-30T21:00:00+00:00,0.8531599999999996,0.8531599999999996,0.8521899999999997,0.8529999999999996,346
2026-07-30T21:30:00+00:00,0.8529999999999996,0.8531399999999997,0.8529799999999996,0.8531099999999996,652
2026-07-30T22:00:00+00:00,0.8531099999999996,0.8533299999999996,0.8530299999999996,0.8531399999999997,997
2026-07-30T22:30:00+00:00,0.8531399999999997,0.8532699999999996,0.8531099999999996,0.8532199999999996,1168
2026-07-30T23:00:00+00:00,0.8532199999999996,0.8532899999999997,0.8530799999999996,0.8532299999999996,1500
2026-07-30T23:30:00+00:00,0.8532299999999996,0.8532899999999997,0.8531599999999996,0.8532199999999996,1281
2026-07-31T00:00:00+00:00,0.8532199999999996,0.8533199999999996,0.8531399999999997,0.8531499999999996,5202
2026-07-31T00:30:00+00:00,0.8531499999999996,0.8532099999999996,0.8528899999999996,0.8529899999999996,5764
2026-07-31T01:00:00+00:00,0.8529899999999996,0.8531399999999997,0.8528699999999996,0.8530599999999996,5344
2026-07-31T01:30:00+00:00,0.8530599999999996,0.8531599999999996,0.8528699999999996,0.8528899999999996,5476
2026-07-31T02:00:00+00:00,0.8528899999999996,0.8529499999999997,0.8527599999999996,0.8528199999999996,5016
2026-07-31T02:30:00+00:00,0.8528199999999996,0.8530499999999996,0.8527699999999996,0.8530199999999997,3536
2026-07-31T03:00:00+00:00,0.8530199999999997,0.8531999999999996,0.8529599999999996,0.8530799999999996,3905
2026-07-31T03:30:00+00:00,0.8530799999999996,0.8531399999999997,0.8528499999999997,0.8530899999999996,2612
2026-07-31T04:00:00+00:00,0.8530899999999996,0.8531999999999996,0.8530499999999996,0.8531099999999996,3267
2026-07-31T04:30:00+00:00,0.8531099999999996,0.8531099999999996,0.8528899999999996,0.8530699999999997,2679
2026-07-31T05:00:00+00:00,0.8530699999999997,0.8530799999999996,0.8528399999999996,0.8529799999999996,3159
2026-07-31T05:30:00+00:00,0.8529799999999996,0.8532399999999997,0.8529699999999997,0.8530999999999996,4142
2026-07-31T06:00:00+00:00,0.8530999999999996,0.8532699999999996,0.8529899999999996,0.8530899999999996,4210
2026-07-31T06:30:00+00:00,0.8530899999999996,0.8534399999999996,0.8528799999999996,0.8533699999999996,5853
2026-07-31T07:00:00+00:00,0.8533699999999996,0.8534799999999996,0.8529799999999996,0.8531599999999996,4639
2026-07-31T07:30:00+00:00,0.8531599999999996,0.8535499999999996,0.8529699999999997,0.8530999999999996,4357
2026-07-31T08:00:00+00:00,0.8530999999999996,0.8537499999999997,0.8530899999999996,0.8535499999999996,4165
2026-07-31T08:30:00+00:00,0.8535499999999996,0.8535499999999996,0.8530999999999996,0.8531699999999997,5302
2026-07-31T09:00:00+00:00,0.8531699999999997,0.8532399999999997,0.8524899999999996,0.8525999999999996,6927
2026-07-31T09:30:00+00:00,0.8525999999999996,0.8528099999999996,0.8524799999999996,0.8525799999999997,4422
2026-07-31T10:00:00+00:00,0.8525799999999997,0.8530299999999996,0.8524099999999997,0.8525899999999996,3878
2026-07-31T10:30:00+00:00,0.8525899999999996,0.8527699999999996,0.8524299999999996,0.8526899999999996,3400
2026-07-31T11:00:00+00:00,0.8526899999999996,0.8528699999999996,0.8525399999999996,0.8527099999999996,5328
2026-07-31T11:30:00+00:00,0.8527099999999996,0.8532899999999997,0.8526699999999996,0.8531299999999996,5257
2026-07-31T12:00:00+00:00,0.8531299999999996,0.8532099999999996,0.8528299999999996,0.8529799999999996,4372
2026-07-31T12:30:00+00:00,0.8529799999999996,0.8532199999999996,0.8526399999999996,0.8531899999999997,4132
2026-07-31T13:00:00+00:00,0.8531899999999997,0.8537399999999996,0.8530999999999996,0.8534499999999996,6296
2026-07-31T13:30:00+00:00,0.8534499999999996,0.8536199999999996,0.8519899999999996,0.8523199999999996,12387
2026-07-31T14:00:00+00:00,0.8523199999999996,0.8526699999999996,0.8520399999999996,0.8523999999999996,8612
2026-07-31T14:30:00+00:00,0.8523999999999996,0.8525299999999997,0.8514299999999996,0.8521099999999996,10985
2026-07-31T15:00:00+00:00,0.8521099999999996,0.8521299999999996,0.8515299999999997,0.8517299999999997,7895
2026-07-31T15:30:00+00:00,0.8517299999999997,0.8524099999999997,0.8515899999999996,0.8523999999999996,5851
2026-07-31T16:00:00+00:00,0.8523999999999996,0.8525199999999996,0.8521699999999996,0.8523599999999997,5488
2026-07-31T16:30:00+00:00,0.8523599999999997,0.8525499999999996,0.8522999999999996,0.8525299999999997,4366
2026-07-31T17:00:00+00:00,0.8525299999999997,0.8525599999999997,0.8523599999999997,0.8524799999999996,5300
2026-07-31T17:30:00+00:00,0.8524799999999996,0.8527399999999996,0.8524599999999997,0.8525299999999997,8720
2026-07-31T18:00:00+00:00,0.8525299999999997,0.8527899999999996,0.8524099999999997,0.8525599999999997,6026
2026-07-31T18:30:00+00:00,0.8525599999999997,0.8526399999999996,0.8522899999999997,0.8523899999999996,4230
2026-07-31T19:00:00+00:00,0.8523899999999996,0.8525099999999997,0.8523499999999996,0.8524099999999997,3575
2026-07-31T19:30:00+00:00,0.8524099999999997,0.8528199999999996,0.8523399999999997,0.8528099999999996,5081
2026-07-31T20:00:00+00:00,0.8528099999999996,0.8528399999999996,0.8524399999999996,0.8526599999999996,7358
2026-07-31T20:30:00+00:00,0.8526599999999996,0.8528999999999997,0.8514799999999996,0.8520099999999996,15758.501650165017
2026-08-02T21:00:00+00:00,0.8520099999999996,0.8529399999999996,0.8520099999999996,0.8526699999999996,508.2947162426615
2026-08-02T21:30:00+00:00,0.8526699999999996,0.8527799999999996,0.8523399999999997,0.8526799999999997,1269
2026-08-02T22:00:00+00:00,0.8526799999999997,0.8529999999999996,0.8523899999999996,0.8525599999999997,3806
2026-08-02T22:30:00+00:00,0.8525599999999997,0.8527999999999997,0.8525199999999996,0.8526699999999996,1794
2026-08-02T23:00:00+00:00,0.8526699999999996,0.8527699999999997,0.8525899999999996,0.8526399999999996,2008
2026-08-02T23:30:00+00:00,0.8526399999999996,0.8527299999999997,0.8525399999999996,0.8526399999999996,2042
2026-08-03T00:00:00+00:00,0.8526399999999996,0.8526599999999996,0.8523399999999997,0.8526599999999996,4155
2026-08-03T00:30:00+00:00,0.8526599999999996,0.8528699999999997,0.8525999999999997,0.8527799999999996,7678
2026-08-03T01:00:00+00:00,0.8527799999999996,0.8531899999999997,0.8526699999999996,0.8529099999999996,5122
2026-08-03T01:30:00+00:00,0.8529099999999996,0.8530199999999997,0.8527899999999996,0.8528699999999997,3128
2026-08-03T02:00:00+00:00,0.8528699999999997,0.8530699999999997,0.8527799999999996,0.8530299999999996,3037
2026-08-03T02:30:00+00:00,0.8530299999999996,0.8531099999999996,0.8529299999999996,0.8529899999999997,2416
2026-08-03T03:00:00+00:00,0.8529899999999997,0.8530799999999996,0.8528699999999997,0.8529999999999996,2551
2026-08-03T03:30:00+00:00,0.8529999999999996,0.8531099999999996,0.8529699999999997,0.8530799999999996,2015
2026-08-03T04:00:00+00:00,0.8530799999999996,0.8532599999999997,0.8530199999999997,0.8532199999999996,1938
2026-08-03T04:30:00+00:00,0.8532199999999996,0.8532199999999996,0.8530899999999997,0.8531199999999997,1321
2026-08-03T05:00:00+00:00,0.8531199999999997,0.8531499999999996,0.8530299999999996,0.8530599999999996,1594
2026-08-03T05:30:00+00:00,0.8530599999999996,0.8531299999999996,0.8529899999999997,0.8530799999999996,2069
2026-08-03T06:00:00+00:00,0.8530799999999996,0.8531599999999997,0.8529099999999996,0.8530999999999996,3337
2026-08-03T06:30:00+00:00,0.8530999999999996,0.8533299999999996,0.8530799999999996,0.8533199999999996,3829
2026-08-03T07:00:00+00:00,0.8533199999999996,0.8534099999999997,0.8530999999999996,0.8532299999999996,4027
2026-08-03T07:30:00+00:00,0.8532299999999996,0.8532699999999996,0.8527999999999997,0.8531999999999996,3666
2026-08-03T08:00:00+00:00,0.8531999999999996,0.8534299999999997,0.8530499999999996,0.8533799999999997,3291
2026-08-03T08:30:00+00:00,0.8533799999999997,0.8533999999999996,0.8531699999999997,0.8533799999999997,3175
2026-08-03T09:00:00+00:00,0.8533799999999997,0.8536799999999997,0.8533299999999996,0.8534999999999996,3487
2026-08-03T09:30:00+00:00,0.8534999999999996,0.8537599999999996,0.8534599999999997,0.8536399999999996,3187
2026-08-03T10:00:00+00:00,0.8536399999999996,0.8537599999999996,0.8531999999999996,0.8532899999999997,3342
2026-08-03T10:30:00+00:00,0.8532899999999997,0.8533599999999997,0.8528799999999996,0.8530299999999996,3022
2026-08-03T11:00:00+00:00,0.8530299999999996,0.8532199999999996,0.8529199999999997,0.8530699999999997,3096
2026-08-03T11:30:00+00:00,0.8530699999999997,0.8532999999999996,0.8530399999999997,0.8532699999999996,3525
2026-08-03T12:00:00+00:00,0.8532699999999996,0.8534299999999997,0.8531699999999997,0.8533799999999997,3788
2026-08-03T12:30:00+00:00,0.8533799999999997,0.8534099999999997,0.8529199999999997,0.8531599999999997,4087
2026-08-03T13:00:00+00:00,0.8531599999999997,0.8535099999999997,0.8531499999999996,0.8533399999999997,4756
2026-08-03T13:30:00+00:00,0.8533399999999997,0.8540499999999996,0.8533299999999996,0.8537999999999997,5399
2026-08-03T14:00:00+00:00,0.8537999999999997,0.8538699999999997,0.8530299999999996,0.8531299999999996,5748
2026-08-03T14:30:00+00:00,0.8531299999999996,0.8538299999999996,0.8529999999999996,0.8538199999999997,6050
2026-08-03T15:00:00+00:00,0.8538199999999997,0.8539399999999997,0.8536399999999996,0.8538899999999996,5188
2026-08-03T15:30:00+00:00,0.8538899999999996,0.8539099999999996,0.8535599999999997,0.8537199999999996,4799
2026-08-03T16:00:00+00:00,0.8537199999999996,0.8539099999999996,0.8535899999999996,0.8538599999999996,3186
2026-08-03T16:30:00+00:00,0.8538599999999996,0.8540699999999997,0.8537999999999997,0.8540699999999997,2762
2026-08-03T17:00:00+00:00,0.8540699999999997,0.8540699999999997,0.8537599999999996,0.8538799999999996,3614
2026-08-03T17:30:00+00:00,0.8538799999999996,0.8541499999999996,0.8538399999999996,0.8540999999999996,2652
2026-08-03T18:00:00+00:00,0.8540999999999996,0.8542599999999997,0.8540799999999996,0.8542099999999997,2807
2026-08-03T18:30:00+00:00,0.8542099999999997,0.8543199999999996,0.8541199999999997,0.8541999999999996,2571
2026-08-03T19:00:00+00:00,0.8541999999999996,0.8542099999999997,0.8539499999999997,0.8539799999999996,2690
2026-08-03T19:30:00+00:00,0.8539799999999996,0.8540699999999997,0.8538999999999997,0.8539599999999996,1848
2026-08-03T20:00:00+00:00,0.8539599999999996,0.8539599999999996,0.8537999999999997,0.8538599999999996,1735
2026-08-03T20:30:00+00:00,0.8538599999999996,0.8539299999999996,0.8535699999999996,0.8535699999999996,1639
2026-08-03T21:00:00+00:00,0.8535699999999996,0.8538499999999997,0.8532899999999997,0.8537399999999996,815
2026-08-03T21:30:00+00:00,0.8537399999999996,0.8540199999999997,0.8537299999999997,0.8538999999999997,3324
2026-08-03T22:00:00+00:00,0.8538999999999997,0.8539599999999996,0.8536699999999996,0.8538899999999996,814
2026-08-03T22:30:00+00:00,0.8538899999999996,0.8539399999999997,0.8538699999999997,0.8539199999999997,726
2026-08-03T23:00:00+00:00,0.8539199999999997,0.8540199999999997,0.8539099999999996,0.8540099999999996,594
2026-08-03T23:30:00+00:00,0.8540099999999996,0.8540999999999996,0.8539299999999996,0.8539899999999997,1244
2026-08-04T00:00:00+00:00,0.8539899999999997,0.8542199999999996,0.8539799999999996,0.8542099999999997,3071
2026-08-04T00:30:00+00:00,0.8542099999999997,0.8542299999999996,0.8539899999999997,0.8540299999999996,3245
2026-08-04T01:00:00+00:00,0.8540299999999996,0.8541999999999996,0.8539999999999996,0.8541899999999997,2602
2026-08-04T01:30:00+00:00,0.8541899999999997,0.8543299999999996,0.8541599999999997,0.8543099999999997,2524
2026-08-04T02:00:00+00:00,0.8543099999999997,0.8543299999999996,0.8540399999999997,0.8540899999999997,2455
2026-08-04T02:30:00+00:00,0.8540899999999997,0.8541499999999996,0.8539499999999997,0.8540199999999997,2073
2026-08-04T03:00:00+00:00,0.8540199999999997,0.8541599999999997,0.8539699999999997,0.8540699999999997,2058
2026-08-04T03:30:00+00:00,0.8540699999999997,0.8541699999999997,0.8540299999999996,0.8540899999999997,1968
2026-08-04T04:00:00+00:00,0.8540899999999997,0.8541899999999997,0.8540499999999996,0.8541899999999997,1687
2026-08-04T04:30:00+00:00,0.8541899999999997,0.8543099999999997,0.8541799999999996,0.8542799999999996,1360
2026-08-04T05:00:00+00:00,0.8542799999999996,0.8543899999999996,0.8542299999999996,0.8542699999999996,1882
2026-08-04T05:30:00+00:00,0.8542699999999996,0.8542899999999997,0.8540199999999997,0.8541099999999996,2548
2026-08-04T06:00:00+00:00,0.8541099999999996,0.8541699999999997,0.8538399999999996,0.8538399999999996,3345
2026-08-04T06:30:00+00:00,0.8538399999999996,0.8539199999999997,0.8536599999999996,0.8538999999999997,2841
2026-08-04T07:00:00+00:00,0.8538999999999997,0.8540999999999996,0.8537299999999997,0.8539399999999997,4176
2026-08-04T07:30:00+00:00,0.8539399999999997,0.8539599999999996,0.8535999999999997,0.8536599999999996,3515
2026-08-04T08:00:00+00:00,0.8536599999999996,0.8538199999999997,0.8535299999999997,0.8535799999999997,3318
2026-08-04T08:30:00+00:00,0.8535799999999997,0.8535799999999997,0.8530399999999997,0.8530699999999997,3217
2026-08-04T09:00:00+00:00,0.8530699999999997,0.8532799999999996,0.8530299999999996,0.8532499999999996,3028
2026-08-04T09:30:00+00:00,0.8532499999999996,0.8533199999999996,0.8530599999999996,0.8531099999999996,2933
2026-08-04T10:00:00+00:00,0.8531099999999996,0.8533599999999997,0.8530399999999997,0.8533299999999996,2788
2026-08-04T10:30:00+00:00,0.8533299999999996,0.8535499999999997,0.8533099999999997,0.8534699999999996,4462
2026-08-04T11:00:00+00:00,0.8534699999999996,0.8536699999999996,0.8533699999999996,0.8534899999999996,3324
2026-08-04T11:30:00+00:00,0.8534899999999996,0.8535999999999997,0.8532699999999996,0.8533899999999996,5182
2026-08-04T12:00:00+00:00,0.8533899999999996,0.8535699999999996,0.8532399999999997,0.8533599999999997,4441
2026-08-04T12:30:00+00:00,0.8533599999999997,0.8535999999999997,0.8532599999999997,0.8535399999999996,3569
2026-08-04T13:00:00+00:00,0.8535399999999996,0.8536899999999996,0.8532899999999997,0.8535999999999997,4913
2026-08-04T13:30:00+00:00,0.8535999999999997,0.8540499999999996,0.8535099999999997,0.8539499999999997,5620
2026-08-04T14:00:00+00:00,0.8539499999999997,0.8541099999999996,0.8537499999999997,0.8538999999999997,5184
2026-08-04T14:30:00+00:00,0.8538999999999997,0.8539999999999996,0.8535799999999997,0.8538699999999997,5840
2026-08-04T15:00:00+00:00,0.8538699999999997,0.8540099999999996,0.8534899999999996,0.8535699999999996,4627
2026-08-04T15:30:00+00:00,0.8535699999999996,0.8537299999999997,0.8534799999999997,0.8536699999999996,3970
2026-08-04T16:00:00+00:00,0.8536699999999996,0.8537399999999996,0.8533199999999996,0.8533599999999997,3230
2026-08-04T16:30:00+00:00,0.8533599999999997,0.8536299999999997,0.8533099999999997,0.8536099999999996,2664
2026-08-04T17:00:00+00:00,0.8536099999999996,0.8541399999999997,0.8535999999999997,0.8540299999999996,2981
2026-08-04T17:30:00+00:00,0.8540299999999996,0.8542599999999997,0.8540199999999997,0.8541999999999996,2549
2026-08-04T18:00:00+00:00,0.8541999999999996,0.8543999999999996,0.8541499999999996,0.8543899999999996,3170
2026-08-04T18:30:00+00:00,0.8543899999999996,0.8545099999999997,0.8542699999999996,0.8543399999999997,2747
2026-08-04T19:00:00+00:00,0.8543399999999997,0.8543499999999996,0.8541799999999996,0.8543299999999996,3266
2026-08-04T19:30:00+00:00,0.8543299999999996,0.8543499999999996,0.8541799999999996,0.8542399999999997,2637
2026-08-04T20:00:00+00:00,0.8542399999999997,0.8542899999999997,0.8541799999999996,0.8542299999999996,2151
2026-08-04T20:30:00+00:00,0.8542299999999996,0.8542999999999996,0.8541599999999997,0.8541599999999997,1861
2026-08-04T21:00:00+00:00,0.8541599999999997,0.8542299999999996,0.8537299999999997,0.8539899999999997,744.1452077683634
2026-08-04T21:30:00+00:00,0.8539899999999997,0.8542599999999997,0.8539099999999997,0.8540799999999997,2229
2026-08-04T22:00:00+00:00,0.8540799999999997,0.8542599999999997,0.8540499999999998,0.8541899999999997,1064
2026-08-04T22:30:00+00:00,0.8541899999999997,0.8543099999999997,0.8541599999999997,0.8542899999999997,489
2026-08-04T23:00:00+00:00,0.8542899999999997,0.8542999999999997,0.8541999999999997,0.8542599999999997,728
2026-08-04T23:30:00+00:00,0.8542599999999997,0.8543299999999997,0.8542399999999997,0.8542699999999998,424
2026-08-05T00:00:00+00:00,0.8542699999999998,0.8543899999999998,0.8541699999999998,0.8541899999999997,2559
2026-08-05T00:30:00+00:00,0.8541899999999997,0.8542899999999997,0.8541399999999997,0.8542299999999997,3338
2026-08-05T01:00:00+00:00,0.8542299999999997,0.8543099999999997,0.8541699999999998,0.8542699999999998,3747
2026-08-05T01:30:00+00:00,0.8542699999999998,0.8543399999999998,0.8542199999999998,0.8542499999999997,2774
2026-08-05T02:00:00+00:00,0.8542499999999997,0.8543599999999997,0.8541999999999997,0.8543499999999997,3327
2026-08-05T02:30:00+00:00,0.8543499999999997,0.8544799999999997,0.8542699999999998,0.8543299999999997,3940
2026-08-05T03:00:00+00:00,0.8543299999999997,0.8543699999999997,0.8542299999999997,0.8543399999999998,2730
2026-08-05T03:30:00+00:00,0.8543399999999998,0.8543499999999997,0.8542299999999997,0.8543399999999998,2156
2026-08-05T04:00:00+00:00,0.8543399999999998,0.8543599999999997,0.8542599999999997,0.8542799999999997,1591
2026-08-05T04:30:00+00:00,0.8542799999999997,0.8543299999999997,0.8542499999999997,0.8543099999999997,1817
2026-08-05T05:00:00+00:00,0.8543099999999997,0.8543299999999997,0.8541299999999997,0.8542199999999998,1974
2026-08-05T05:30:00+00:00,0.8542199999999998,0.8542999999999997,0.8541899999999997,0.8542099999999997,2987
2026-08-05T06:00:00+00:00,0.8542099999999997,0.8543399999999998,0.8541299999999997,0.8543199999999997,4842
2026-08-05T06:30:00+00:00,0.8543199999999997,0.8543899999999998,0.8541499999999997,0.8541799999999997,4214
2026-08-05T07:00:00+00:00,0.8541799999999997,0.8543199999999997,0.8539399999999997,0.8539499999999998,4582
2026-08-05T07:30:00+00:00,0.8539499999999998,0.8541199999999998,0.8536299999999997,0.8536599999999998,3591
2026-08-05T08:00:00+00:00,0.8536599999999998,0.8540799999999997,0.8535899999999997,0.8540399999999997,3794
2026-08-05T08:30:00+00:00,0.8540399999999997,0.8542899999999997,0.8539299999999997,0.8541799999999997,3503
2026-08-05T09:00:00+00:00,0.8541799999999997,0.8543199999999997,0.8540099999999997,0.8540399999999997,3873
2026-08-05T09:30:00+00:00,0.8540399999999997,0.8541099999999997,0.8538199999999997,0.8538199999999997,2767
2026-08-05T10:00:00+00:00,0.8538199999999997,0.8538399999999997,0.8535899999999997,0.8537999999999997,3696
2026-08-05T10:30:00+00:00,0.8537999999999997,0.8538999999999998,0.8537199999999997,0.8537899999999997,3333
2026-08-05T11:00:00+00:00,0.8537899999999997,0.8539199999999997,0.8536399999999997,0.8538899999999997,3982
2026-08-05T11:30:00+00:00,0.8538899999999997,0.8540999999999997,0.8537799999999998,0.8540099999999997,4146
2026-08-05T12:00:00+00:00,0.8540099999999997,0.8543199999999997,0.8538899999999997,0.8539199999999997,4873
2026-08-05T12:30:00+00:00,0.8539199999999997,0.8541799999999997,0.8538099999999997,0.8540599999999997,4631
2026-08-05T13:00:00+00:00,0.8540599999999997,0.8544599999999997,0.8538599999999997,0.8543099999999997,4409
2026-08-05T13:30:00+00:00,0.8543099999999997,0.8543999999999997,0.8540999999999997,0.8542099999999997,5850
2026-08-05T14:00:00+00:00,0.8542099999999997,0.8542699999999998,0.8537199999999997,0.8537199999999997,6018
2026-08-05T14:30:00+00:00,0.8537199999999997,0.8541499999999997,0.8536999999999997,0.8540999999999997,6426
2026-08-05T15:00:00+00:00,0.8540999999999997,0.8544299999999997,0.8539699999999997,0.8543399999999998,6258
2026-08-05T15:30:00+00:00,0.8543399999999998,0.8548099999999997,0.8542299999999997,0.8546199999999997,5343
2026-08-05T16:00:00+00:00,0.8546199999999997,0.8546899999999997,0.8543999999999997,0.8545599999999998,5968
2026-08-05T16:30:00+00:00,0.8545599999999998,0.8547299999999998,0.8543899999999998,0.8547199999999997,4103
2026-08-05T17:00:00+00:00,0.8547199999999997,0.8548099999999997,0.8546199999999997,0.8546399999999997,3779
2026-08-05T17:30:00+00:00,0.8546399999999997,0.8549099999999997,0.8546099999999998,0.8548499999999997,2899
2026-08-05T18:00:00+00:00,0.8548499999999997,0.8549699999999997,0.8548399999999997,0.8548799999999998,3024
2026-08-05T18:30:00+00:00,0.8548799999999998,0.8549099999999997,0.8546999999999997,0.8547399999999997,3042
2026-08-05T19:00:00+00:00,0.8547399999999997,0.8547599999999997,0.8545899999999997,0.8546099999999998,2588
2026-08-05T19:30:00+00:00,0.8546099999999998,0.8548799999999998,0.8546099999999998,0.8548699999999997,2277
2026-08-05T20:00:00+00:00,0.8548699999999997,0.8548999999999997,0.8547199999999997,0.8548199999999997,1610
2026-08-05T20:30:00+00:00,0.8548199999999997,0.8549199999999997,0.8546599999999998,0.8546599999999998,2368
2026-08-05T21:00:00+00:00,0.8546599999999998,0.8549499999999998,0.8542899999999997,0.8546999999999997,1337
2026-08-05T21:30:00+00:00,0.8546999999999997,0.8547999999999997,0.8544799999999997,0.8546499999999997,3754
2026-08-05T22:00:00+00:00,0.8546499999999997,0.8549599999999997,0.8546299999999997,0.8548799999999998,1357
2026-08-05T22:30:00+00:00,0.8548799999999998,0.8549699999999997,0.8548399999999997,0.8549599999999997,619
2026-08-05T23:00:00+00:00,0.8549599999999997,0.8549599999999997,0.8548499999999997,0.8549099999999997,562
2026-08-05T23:30:00+00:00,0.8549099999999997,0.8549499999999998,0.8548599999999997,0.8549399999999997,871
2026-08-06T00:00:00+00:00,0.8549399999999997,0.8550699999999997,0.8549199999999997,0.8550599999999997,2482
2026-08-06T00:30:00+00:00,0.8550599999999997,0.8551299999999997,0.8549399999999997,0.8550599999999997,2276
2026-08-06T01:00:00+00:00,0.8550599999999997,0.8551099999999997,0.8548499999999997,0.8548899999999997,3704
2026-08-06T01:30:00+00:00,0.8548899999999997,0.8548999999999997,0.8547999999999997,0.8548299999999998,2257
2026-08-06T02:00:00+00:00,0.8548299999999998,0.8548899999999997,0.8547599999999997,0.8548699999999997,1800
2026-08-06T02:30:00+00:00,0.8548699999999997,0.8549199999999997,0.8547699999999997,0.8548299999999998,1724
2026-08-06T03:00:00+00:00,0.8548299999999998,0.8549699999999997,0.8548099999999997,0.8549299999999997,1902
2026-08-06T03:30:00+00:00,0.8549299999999997,0.8549399999999997,0.8548599999999997,0.8549199999999997,1469
2026-08-06T04:00:00+00:00,0.8549199999999997,0.8549199999999997,0.8548399999999997,0.8548999999999997,1116
2026-08-06T04:30:00+00:00,0.8548999999999997,0.8549499999999998,0.8548699999999997,0.8549399999999997,1253
2026-08-06T05:00:00+00:00,0.8549399999999997,0.8549699999999997,0.8548799999999998,0.8549499999999998,1198
2026-08-06T05:30:00+00:00,0.8549499999999998,0.8549899999999997,0.8547799999999998,0.8547799999999998,1731
2026-08-06T06:00:00+00:00,0.8547799999999998,0.8548399999999997,0.8546399999999997,0.8546999999999997,3210
2026-08-06T06:30:00+00:00,0.8546999999999997,0.8548999999999997,0.8546099999999998,0.8546599999999998,2925
2026-08-06T07:00:00+00:00,0.8546599999999998,0.8547599999999997,0.8544499999999997,0.8545799999999997,3356
2026-08-06T07:30:00+00:00,0.8545799999999997,0.8548099999999997,0.8545399999999997,0.8546299999999997,3634
2026-08-06T08:00:00+00:00,0.8546299999999997,0.8546699999999997,0.8541699999999998,0.8542299999999997,3311
2026-08-06T08:30:00+00:00,0.8542299999999997,0.8543599999999997,0.8541299999999997,0.8542499999999997,3541
2026-08-06T09:00:00+00:00,0.8542499999999997,0.8543099999999997,0.8540999999999997,0.8542699999999998,2710
2026-08-06T09:30:00+00:00,0.8542699999999998,0.8545999999999997,0.8542299999999997,0.8543899999999998,2688
2026-08-06T10:00:00+00:00,0.8543899999999998,0.8545699999999997,0.8542699999999998,0.8543599999999997,2659
2026-08-06T10:30:00+00:00,0.8543599999999997,0.8544799999999997,0.8541899999999997,0.8542799999999997,2388
2026-08-06T11:00:00+00:00,0.8542799999999997,0.8544699999999997,0.8541999999999997,0.8544299999999997,3378
2026-08-06T11:30:00+00:00,0.8544299999999997,0.8544699999999997,0.8540799999999997,0.8540999999999997,4092
2026-08-06T12:00:00+00:00,0.8540999999999997,0.8541699999999998,0.8537999999999997,0.8538899999999997,3907
2026-08-06T12:30:00+00:00,0.8538899999999997,0.8540799999999997,0.8535599999999998,0.8535899999999997,4055
2026-08-06T13:00:00+00:00,0.8535899999999997,0.8538099999999997,0.8535399999999997,0.8536399999999997,3995
2026-08-06T13:30:00+00:00,0.8536399999999997,0.8536999999999997,0.8533099999999997,0.8533999999999997,4456
2026-08-06T14:00:00+00:00,0.8533999999999997,0.8536799999999997,0.8531499999999997,0.8533399999999998,5801
2026-08-06T14:30:00+00:00,0.8533399999999998,0.8535799999999997,0.8532199999999998,0.8535499999999997,5545
2026-08-06T15:00:00+00:00,0.8535499999999997,0.8537299999999998,0.8532999999999997,0.8534999999999997,5828
2026-08-06T15:30:00+00:00,0.8534999999999997,0.8535299999999997,0.8531499999999997,0.8532399999999997,5024
2026-08-06T16:00:00+00:00,0.8532399999999997,0.8532899999999997,0.8529699999999997,0.8530199999999997,4736
2026-08-06T16:30:00+00:00,0.8530199999999997,0.8532299999999997,0.8530199999999997,0.8530999999999997,3072
2026-08-06T17:00:00+00:00,0.8530999999999997,0.8531899999999997,0.8529799999999997,0.8530699999999997,3442
2026-08-06T17:30:00+00:00,0.8530699999999997,0.8532599999999997,0.8530299999999997,0.8532499999999997,2337
2026-08-06T18:00:00+00:00,0.8532499999999997,0.8533299999999997,0.8531599999999997,0.8532599999999997,1788
2026-08-06T18:30:00+00:00,0.8532599999999997,0.8534699999999997,0.8532299999999997,0.8532999999999997,2037
2026-08-06T19:00:00+00:00,0.8532999999999997,0.8533299999999997,0.8531899999999997,0.8532399999999997,2715
2026-08-06T19:30:00+00:00,0.8532399999999997,0.8534699999999997,0.8532199999999998,0.8533499999999997,3291
2026-08-06T20:00:00+00:00,0.8533499999999997,0.8535399999999997,0.8533399999999998,0.8535199999999997,1209
2026-08-06T20:30:00+00:00,0.8535199999999997,0.8535799999999997,0.8533799999999997,0.8534099999999997,2280
2026-08-06T21:00:00+00:00,0.8534099999999997,0.8534099999999997,0.8528299999999998,0.8531099999999997,3822
2026-08-06T21:30:00+00:00,0.8531099999999997,0.8535599999999998,0.8529499999999998,0.8530899999999997,1858
2026-08-06T22:00:00+00:00,0.8530899999999997,0.8535499999999997,0.8530899999999997,0.8534699999999997,843
2026-08-06T22:30:00+00:00,0.8534699999999997,0.8535499999999997,0.8534499999999997,0.8534699999999997,421
2026-08-06T23:00:00+00:00,0.8534699999999997,0.8534799999999997,0.8533999999999997,0.8534199999999997,530
2026-08-06T23:30:00+00:00,0.8534199999999997,0.8534599999999997,0.8533899999999998,0.8534199999999997,604
2026-08-07T00:00:00+00:00,0.8534199999999997,0.8534899999999997,0.8533599999999997,0.8534899999999997,2008
2026-08-07T00:30:00+00:00,0.8534899999999997,0.8535699999999997,0.8533699999999997,0.8533799999999997,2183
2026-08-07T01:00:00+00:00,0.8533799999999997,0.8534399999999998,0.8533699999999997,0.8533799999999997,2209
2026-08-07T01:30:00+00:00,0.8533799999999997,0.8534499999999997,0.8533299999999997,0.8533599999999997,1873
2026-08-07T02:00:00+00:00,0.8533599999999997,0.8534199999999997,0.8533199999999997,0.8533899999999998,1292
2026-08-07T02:30:00+00:00,0.8533899999999998,0.8534699999999997,0.8533499999999997,0.8534199999999997,1115
2026-08-07T03:00:00+00:00,0.8534199999999997,0.8534799999999997,0.8533699999999997,0.8534699999999997,1207
2026-08-07T03:30:00+00:00,0.8534699999999997,0.8535199999999997,0.8534299999999997,0.8534799999999997,1082
2026-08-07T04:00:00+00:00,0.8534799999999997,0.8534799999999997,0.8533399999999998,0.8533799999999997,1347
2026-08-07T04:30:00+00:00,0.8533799999999997,0.8534899999999997,0.8533499999999997,0.8534499999999997,1135
2026-08-07T05:00:00+00:00,0.8534499999999997,0.8534799999999997,0.8533899999999998,0.8534299999999997,998
2026-08-07T05:30:00+00:00,0.8534299999999997,0.8535399999999997,0.8533799999999997,0.8534399999999998,1883
2026-08-07T06:00:00+00:00,0.8534399999999998,0.8534499999999997,0.8532599999999997,0.8533499999999997,2847
2026-08-07T06:30:00+00:00,0.8533499999999997,0.8534599999999997,0.8532499999999997,0.8533599999999997,2897
2026-08-07T07:00:00+00:00,0.8533599999999997,0.8537299999999998,0.8532499999999997,0.8537299999999998,3397
2026-08-07T07:30:00+00:00,0.8537299999999998,0.8537499999999997,0.8535199999999997,0.8537299999999998,2887
2026-08-07T08:00:00+00:00,0.8537299999999998,0.8538199999999997,0.8535999999999997,0.8537399999999997,3307
2026-08-07T08:30:00+00:00,0.8537399999999997,0.8541599999999997,0.8536699999999997,0.8541399999999997,3060
2026-08-07T09:00:00+00:00,0.8541399999999997,0.8544499999999997,0.8541099999999997,0.8543299999999997,3383
2026-08-07T09:30:00+00:00,0.8543299999999997,0.8547299999999998,0.8543099999999997,0.8546299999999997,2960
2026-08-07T10:00:00+00:00,0.8546299999999997,0.8548299999999998,0.8545299999999997,0.8547699999999997,2548
2026-08-07T10:30:00+00:00,0.8547699999999997,0.8549099999999997,0.8547099999999997,0.8547399999999997,2571
2026-08-07T11:00:00+00:00,0.8547399999999997,0.8547699999999997,0.8544399999999998,0.8545899999999997,2842
2026-08-07T11:30:00+00:00,0.8545899999999997,0.8545999999999997,0.8544199999999997,0.8544499999999997,3162
2026-08-07T12:00:00+00:00,0.8544499999999997,0.8547099999999997,0.8540999999999997,0.8540999999999997,4689
2026-08-07T12:30:00+00:00,0.8540999999999997,0.8547099999999997,0.8536899999999997,0.8541899999999997,12526
2026-08-07T13:00:00+00:00,0.8541899999999997,0.8543199999999997,0.8536699999999997,0.8537199999999997,6226
2026-08-07T13:30:00+00:00,0.8537199999999997,0.8539899999999997,0.8535699999999997,0.8537099999999997,6255
2026-08-07T14:00:00+00:00,0.8537099999999997,0.8537699999999997,0.8532699999999998,0.8533699999999997,5974
2026-08-07T14:30:00+00:00,0.8533699999999997,0.8537099999999997,0.8532299999999997,0.8534399999999998,6887
2026-08-07T15:00:00+00:00,0.8534399999999998,0.8537399999999997,0.8532799999999997,0.8533299999999997,5850
2026-08-07T15:30:00+00:00,0.8533299999999997,0.8535299999999997,0.8532099999999997,0.8533799999999997,5247
2026-08-07T16:00:00+00:00,0.8533799999999997,0.8535999999999997,0.8532999999999997,0.8534499999999997,5405
2026-08-07T16:30:00+00:00,0.8534499999999997,0.8535699999999997,0.8533499999999997,0.8533999999999997,3709
2026-08-07T17:00:00+00:00,0.8533999999999997,0.8535999999999997,0.8533499999999997,0.8535399999999997,2821
2026-08-07T17:30:00+00:00,0.8535399999999997,0.8536299999999997,0.8534999999999997,0.8536099999999998,2015
2026-08-07T18:00:00+00:00,0.8536099999999998,0.8537599999999997,0.8535799999999997,0.8536599999999998,2120
2026-08-07T18:30:00+00:00,0.8536599999999998,0.8537299999999998,0.8535799999999997,0.8536299999999997,1776
2026-08-07T19:00:00+00:00,0.8536299999999997,0.8537899999999997,0.8535699999999997,0.8537799999999998,2669
2026-08-07T19:30:00+00:00,0.8537799999999998,0.8537899999999997,0.8534699999999997,0.8534899999999997,3464
2026-08-07T20:00:00+00:00,0.8534899999999997,0.8536199999999997,0.8534199999999997,0.8535499999999997,2195
2026-08-07T20:30:00+00:00,0.8535499999999997,0.8537199999999997,0.8530199999999997,0.8534299999999996,3492.712111184646
2026-08-09T21:00:00+00:00,0.8534299999999996,0.8539999999999995,0.8534299999999996,0.8538899999999995,620.6130150413521
2026-08-09T21:30:00+00:00,0.8538899999999995,0.8541699999999995,0.8537599999999995,0.8540299999999995,3702
2026-08-09T22:00:00+00:00,0.8540299999999995,0.8543399999999995,0.8539899999999996,0.8541299999999995,2052
2026-08-09T22:30:00+00:00,0.8541299999999995,0.8541499999999995,0.8540399999999996,0.8540799999999995,414.92614955875524
2026-08-09T23:00:00+00:00,0.8540799999999995,0.8540899999999996,0.8539899999999995,0.8540299999999995,1007.6452143128082
2026-08-09T23:30:00+00:00,0.8540299999999995,0.8541399999999995,0.8540099999999995,0.8541099999999995,956
2026-08-10T00:00:00+00:00,0.8541099999999995,0.8541399999999995,0.8539899999999995,0.8540199999999994,3680
2026-08-10T00:30:00+00:00,0.8540199999999994,0.8541899999999994,0.8539499999999994,0.8541799999999995,3068
2026-08-10T01:00:00+00:00,0.8541799999999995,0.8542299999999995,0.8540499999999994,0.8540799999999995,3736
2026-08-10T01:30:00+00:00,0.8540799999999995,0.8541699999999994,0.8539399999999995,0.8539699999999995,3122
2026-08-10T02:00:00+00:00,0.8539699999999995,0.8540699999999994,0.8539499999999994,0.8540399999999995,1806
2026-08-10T02:30:00+00:00,0.8540399999999995,0.8540499999999994,0.8539399999999995,0.8539799999999995,1410
2026-08-10T03:00:00+00:00,0.8539799999999995,0.8540599999999995,0.8539299999999995,0.8539999999999994,1653
2026-08-10T03:30:00+00:00,0.8539999999999994,0.8540199999999994,0.8538299999999994,0.8538399999999995,1170
2026-08-10T04:00:00+00:00,0.8538399999999995,0.8538999999999994,0.8538199999999995,0.8538399999999995,1114
2026-08-10T04:30:00+00:00,0.8538399999999995,0.8538499999999994,0.8537799999999994,0.8538099999999995,1155
2026-08-10T05:00:00+00:00,0.8538099999999995,0.8538499999999994,0.8537099999999995,0.8537999999999994,1539
2026-08-10T05:30:00+00:00,0.8537999999999994,0.8538799999999994,0.8536999999999995,0.8537199999999995,2904
2026-08-10T06:00:00+00:00,0.8537199999999995,0.8537399999999995,0.8534899999999995,0.8536799999999994,4085
2026-08-10T06:30:00+00:00,0.8536799999999994,0.8537899999999995,0.8535599999999994,0.8536399999999995,3789
2026-08-10T07:00:00+00:00,0.8536399999999995,0.8539499999999994,0.8535199999999995,0.8539299999999995,4394
2026-08-10T07:30:00+00:00,0.8539299999999995,0.8540999999999995,0.8538499999999994,0.8540199999999994,5028
2026-08-10T08:00:00+00:00,0.8540199999999994,0.8540899999999995,0.8537499999999995,0.8538699999999995,3589
2026-08-10T08:30:00+00:00,0.8538699999999995,0.8538699999999995,0.8535599999999994,0.8535699999999995,2363
2026-08-10T09:00:00+00:00,0.8535699999999995,0.8536799999999994,0.8534599999999994,0.8535599999999994,2635
2026-08-10T09:30:00+00:00,0.8535599999999994,0.8539599999999995,0.8535099999999994,0.8537899999999995,3879
2026-08-10T10:00:00+00:00,0.8537899999999995,0.8539299999999995,0.8535699999999995,0.8536699999999995,3189
2026-08-10T10:30:00+00:00,0.8536699999999995,0.8537399999999995,0.8533099999999995,0.8533099999999995,3268
2026-08-10T11:00:00+00:00,0.8533099999999995,0.8533699999999995,0.8530399999999995,0.8531499999999995,3301
2026-08-10T11:30:00+00:00,0.8531499999999995,0.8532399999999994,0.8529499999999994,0.8530699999999994,3005
2026-08-10T12:00:00+00:00,0.8530699999999994,0.8533199999999995,0.8530599999999995,0.8532099999999995,4354
2026-08-10T12:30:00+00:00,0.8532099999999995,0.8533899999999994,0.8529999999999994,0.8530699999999994,3767
2026-08-10T13:00:00+00:00,0.8530699999999994,0.8530799999999995,0.8527599999999995,0.8529199999999995,4595
2026-08-10T13:30:00+00:00,0.8529199999999995,0.8529299999999995,0.8522799999999995,0.8523299999999995,5854
2026-08-10T14:00:00+00:00,0.8523299999999995,0.8523799999999995,0.8517799999999994,0.8520399999999995,5145
2026-08-10T14:30:00+00:00,0.8520399999999995,0.8521299999999995,0.8513999999999995,0.8517999999999994,6224
2026-08-10T15:00:00+00:00,0.8517999999999994,0.8518699999999995,0.8513999999999995,0.8514899999999995,5222
2026-08-10T15:30:00+00:00,0.8514899999999995,0.8516399999999995,0.8510699999999994,0.8514699999999995,4507
2026-08-10T16:00:00+00:00,0.8514699999999995,0.8517799999999994,0.8514499999999995,0.8516899999999995,3179
2026-08-10T16:30:00+00:00,0.8516899999999995,0.8518999999999994,0.8516399999999995,0.8518799999999995,3867
2026-08-10T17:00:00+00:00,0.8518799999999995,0.8519499999999994,0.8517999999999994,0.8519099999999995,3582
2026-08-10T17:30:00+00:00,0.8519099999999995,0.8521199999999994,0.8518999999999994,0.8520399999999995,2334
2026-08-10T18:00:00+00:00,0.8520399999999995,0.8521099999999995,0.8518499999999994,0.8518899999999995,1848
2026-08-10T18:30:00+00:00,0.8518899999999995,0.8519599999999995,0.8517499999999995,0.8518099999999995,2445
2026-08-10T19:00:00+00:00,0.8518099999999995,0.8519099999999995,0.8517899999999995,0.8518999999999994,2033
2026-08-10T19:30:00+00:00,0.8518999999999994,0.8519999999999994,0.8517899999999995,0.8518199999999995,2426
2026-08-10T20:00:00+00:00,0.8518199999999995,0.8519599999999995,0.8517799999999994,0.8519499999999994,1265
2026-08-10T20:30:00+00:00,0.8519499999999994,0.8520199999999994,0.8518599999999995,0.8518599999999995,1282
2026-08-10T21:00:00+00:00,0.8518599999999995,0.8519699999999994,0.8515399999999995,0.8517899999999995,316.23746539526303
2026-08-10T21:30:00+00:00,0.8517899999999995,0.8520999999999994,0.8517799999999994,0.8518699999999995,683
2026-08-10T22:00:00+00:00,0.8518699999999995,0.8521299999999995,0.8518699999999995,0.8521199999999994,940
2026-08-10T22:30:00+00:00,0.8521199999999994,0.8521299999999995,0.8519999999999994,0.8520299999999995,369
2026-08-10T23:00:00+00:00,0.8520299999999995,0.8520599999999995,0.8519999999999994,0.8520499999999994,741
2026-08-10T23:30:00+00:00,0.8520499999999994,0.8521299999999995,0.8519999999999994,0.8520699999999994,1064
2026-08-11T00:00:00+00:00,0.8520699999999994,0.8521699999999994,0.8520099999999995,0.8521099999999995,2165
2026-08-11T00:30:00+00:00,0.8521099999999995,0.8521399999999995,0.8520499999999994,0.8520899999999995,2072
2026-08-11T01:00:00+00:00,0.8520899999999995,0.8521899999999994,0.8520799999999995,0.8521099999999995,3034
2026-08-11T01:30:00+00:00,0.8521099999999995,0.8521599999999995,0.8520599999999995,0.8521099999999995,2733
2026-08-11T02:00:00+00:00,0.8521099999999995,0.8521199999999994,0.8519699999999994,0.8519799999999995,2234
2026-08-11T02:30:00+00:00,0.8519799999999995,0.8521199999999994,0.8519499999999994,0.8520099999999995,2017
2026-08-11T03:00:00+00:00,0.8520099999999995,0.8520499999999994,0.8518399999999995,0.8518699999999995,1551
2026-08-11T03:30:00+00:00,0.8518699999999995,0.8519199999999995,0.8518499999999994,0.8518899999999995,1404
2026-08-11T04:00:00+00:00,0.8518899999999995,0.8519299999999994,0.8518599999999995,0.8518799999999994,1343
2026-08-11T04:30:00+00:00,0.8518799999999994,0.8519599999999995,0.8517799999999994,0.8517999999999994,2775
2026-08-11T05:00:00+00:00,0.8517999999999994,0.8518899999999995,0.8517699999999995,0.8518899999999995,1424
2026-08-11T05:30:00+00:00,0.8518899999999995,0.8518899999999995,0.8515799999999994,0.8516299999999994,3156
2026-08-11T06:00:00+00:00,0.8516299999999994,0.8517299999999994,0.8514399999999994,0.8516399999999995,3218
2026-08-11T06:30:00+00:00,0.8516399999999995,0.8517999999999994,0.8515699999999995,0.8517499999999995,3076
2026-08-11T07:00:00+00:00,0.8517499999999995,0.8521499999999994,0.8516799999999994,0.8520999999999994,2952
2026-08-11T07:30:00+00:00,0.8520999999999994,0.8521799999999995,0.8519299999999994,0.8519499999999994,3098
2026-08-11T08:00:00+00:00,0.8519499999999994,0.8520099999999995,0.8517199999999995,0.8517999999999994,2758
2026-08-11T08:30:00+00:00,0.8517999999999994,0.8518599999999995,0.8516199999999995,0.8517899999999995,2571
2026-08-11T09:00:00+00:00,0.8517899999999995,0.8519999999999994,0.8517599999999994,0.8518599999999995,2119
2026-08-11T09:30:00+00:00,0.8518599999999995,0.8518699999999995,0.8517099999999994,0.8518399999999995,2062
2026-08-11T10:00:00+00:00,0.8518399999999995,0.8520699999999994,0.8517599999999994,0.8520599999999995,2703
2026-08-11T10:30:00+00:00,0.8520599999999995,0.8522099999999995,0.8519099999999995,0.8521799999999995,2569
2026-08-11T11:00:00+00:00,0.8521799999999995,0.8524999999999995,0.8519899999999995,0.8522399999999994,5138
2026-08-11T11:30:00+00:00,0.8522399999999994,0.8525099999999994,0.8521699999999994,0.8524799999999995,3284
2026-08-11T12:00:00+00:00,0.8524799999999995,0.8525099999999994,0.8522499999999995,0.8523299999999995,3804
2026-08-11T12:30:00+00:00,0.8523299999999995,0.8525999999999995,0.8522599999999995,0.8524899999999994,3335
2026-08-11T13:00:00+00:00,0.8524899999999994,0.8526099999999994,0.8523699999999995,0.8524199999999995,3749
2026-08-11T13:30:00+00:00,0.8524199999999995,0.8526199999999995,0.8523199999999994,0.8525499999999995,3923
2026-08-11T14:00:00+00:00,0.8525499999999995,0.8525699999999995,0.8520399999999995,0.8520699999999994,4011
2026-08-11T14:30:00+00:00,0.8520699999999994,0.8521399999999995,0.8518799999999994,0.8519899999999995,3735
2026-08-11T15:00:00+00:00,0.8519899999999995,0.8520799999999995,0.8517199999999995,0.8517999999999994,4030
2026-08-11T15:30:00+00:00,0.8517999999999994,0.8519999999999994,0.8516099999999994,0.8516299999999994,4347
2026-08-11T16:00:00+00:00,0.8516299999999994,0.8520299999999995,0.8516299999999994,0.8519899999999995,2677
2026-08-11T16:30:00+00:00,0.8519899999999995,0.8521899999999994,0.8518899999999995,0.8519299999999994,2380
2026-08-11T17:00:00+00:00,0.8519299999999994,0.8521699999999994,0.8518699999999995,0.8520499999999994,2285
2026-08-11T17:30:00+00:00,0.8520499999999994,0.8521299999999995,0.8519799999999995,0.8520399999999995,1733
2026-08-11T18:00:00+00:00,0.8520399999999995,0.8522799999999995,0.8520299999999995,0.8522699999999994,2254
2026-08-11T18:30:00+00:00,0.8522699999999994,0.8523099999999995,0.8521399999999995,0.8521899999999994,2704
2026-08-11T19:00:00+00:00,0.8521899999999994,0.8522499999999995,0.8520899999999995,0.8521499999999994,2240
2026-08-11T19:30:00+00:00,0.8521499999999994,0.8521899999999994,0.8519999999999994,0.8520299999999995,2385
2026-08-11T20:00:00+00:00,0.8520299999999995,0.8521299999999995,0.8519699999999994,0.8521199999999994,1488
2026-08-11T20:30:00+00:00,0.8521199999999994,0.8521799999999995,0.8518799999999994,0.8519399999999995,2520
2026-08-11T21:00:00+00:00,0.8519399999999995,0.8522199999999994,0.8516899999999995,0.8519299999999994,390.1072625698324
2026-08-11T21:30:00+00:00,0.8519299999999994,0.8520299999999994,0.8517899999999994,0.8518099999999994,268.4974572659881
2026-08-11T22:00:00+00:00,0.8518099999999994,0.8521099999999994,0.8518099999999994,0.8518699999999993,887
2026-08-11T22:30:00+00:00,0.8518699999999993,0.8519399999999994,0.8517999999999993,0.8519199999999993,458
2026-08-11T23:00:00+00:00,0.8519199999999993,0.8519799999999994,0.8518799999999993,0.8518799999999993,700
2026-08-11T23:30:00+00:00,0.8518799999999993,0.8520399999999994,0.8518799999999993,0.8519799999999994,804
2026-08-12T00:00:00+00:00,0.8519799999999994,0.8520299999999994,0.8519299999999993,0.8519599999999994,1647
2026-08-12T00:30:00+00:00,0.8519599999999994,0.8519699999999993,0.8518599999999994,0.8518899999999994,1608
2026-08-12T01:00:00+00:00,0.8518899999999994,0.8519599999999994,0.8518299999999993,0.8518999999999993,2194
2026-08-12T01:30:00+00:00,0.8518999999999993,0.8519199999999993,0.8517499999999993,0.8518099999999994,1472
2026-08-12T02:00:00+00:00,0.8518099999999994,0.8519199999999993,0.8517799999999993,0.8518099999999994,1833
2026-08-12T02:30:00+00:00,0.8518099999999994,0.8518699999999993,0.8517399999999994,0.8517799999999993,1490
2026-08-12T03:00:00+00:00,0.8517799999999993,0.8517899999999994,0.8516299999999993,0.8516399999999994,1044
2026-08-12T03:30:00+00:00,0.8516399999999994,0.8517099999999993,0.8516199999999994,0.8516399999999994,957
2026-08-12T04:00:00+00:00,0.8516399999999994,0.8516599999999993,0.8515499999999994,0.8515699999999994,936
2026-08-12T04:30:00+00:00,0.8515699999999994,0.8516199999999994,0.8515299999999993,0.8515599999999993,1012
2026-08-12T05:00:00+00:00,0.8515599999999993,0.8516399999999994,0.8514499999999994,0.8515999999999994,1399
2026-08-12T05:30:00+00:00,0.8515999999999994,0.8516599999999993,0.8514999999999994,0.8515099999999993,1397
2026-08-12T06:00:00+00:00,0.8515099999999993,0.8517099999999993,0.8514499999999994,0.8516899999999994,2929
2026-08-12T06:30:00+00:00,0.8516899999999994,0.8517599999999993,0.8514999999999994,0.8515599999999993,3181
2026-08-12T07:00:00+00:00,0.8515599999999993,0.8515999999999994,0.8514699999999994,0.8514899999999993,2902
2026-08-12T07:30:00+00:00,0.8514899999999993,0.8516899999999994,0.8514799999999993,0.8515999999999994,2832
2026-08-12T08:00:00+00:00,0.8515999999999994,0.8516199999999994,0.8514299999999994,0.8515299999999993,3272
2026-08-12T08:30:00+00:00,0.8515299999999993,0.8516199999999994,0.8514299999999994,0.8514299999999994,2937
2026-08-12T09:00:00+00:00,0.8514299999999994,0.8514699999999994,0.8511099999999994,0.8513799999999994,5054
2026-08-12T09:30:00+00:00,0.8513799999999994,0.8514999999999994,0.8511799999999994,0.8512299999999994,3523
2026-08-12T10:00:00+00:00,0.8512299999999994,0.8512299999999994,0.8507499999999993,0.8508399999999994,3068
2026-08-12T10:30:00+00:00,0.8508399999999994,0.8509799999999994,0.8507099999999993,0.8509799999999994,3117
2026-08-12T11:00:00+00:00,0.8509799999999994,0.8510699999999993,0.8507999999999993,0.8509999999999993,3087
2026-08-12T11:30:00+00:00,0.8509999999999993,0.8511299999999994,0.8508499999999993,0.8509099999999994,3591
2026-08-12T12:00:00+00:00,0.8509099999999994,0.8512899999999993,0.8508299999999993,0.8508999999999993,4206
2026-08-12T12:30:00+00:00,0.8508999999999993,0.8515299999999993,0.8506699999999994,0.8513799999999994,13190
2026-08-12T13:00:00+00:00,0.8513799999999994,0.8516399999999994,0.8512899999999993,0.8514499999999994,7426
2026-08-12T13:30:00+00:00,0.8514499999999994,0.8517399999999994,0.8513899999999993,0.8516399999999994,6520
2026-08-12T14:00:00+00:00,0.8516399999999994,0.8519499999999993,0.8514699999999994,0.8518899999999994,5156
2026-08-12T14:30:00+00:00,0.8518899999999994,0.8521199999999993,0.8517399999999994,0.8519799999999994,5804
2026-08-12T15:00:00+00:00,0.8519799999999994,0.8521499999999993,0.8518499999999993,0.8518899999999994,4403
2026-08-12T15:30:00+00:00,0.8518899999999994,0.8519299999999993,0.8515499999999994,0.8516799999999993,3514
2026-08-12T16:00:00+00:00,0.8516799999999993,0.8517099999999993,0.8514099999999993,0.8515399999999993,3869
2026-08-12T16:30:00+00:00,0.8515399999999993,0.8516899999999994,0.8514699999999994,0.8516299999999993,3952
2026-08-12T17:00:00+00:00,0.8516299999999993,0.8517099999999993,0.8514899999999993,0.8516899999999994,3278
2026-08-12T17:30:00+00:00,0.8516899999999994,0.8516899999999994,0.8514099999999993,0.8514399999999993,2650
2026-08-12T18:00:00+00:00,0.8514399999999993,0.8515699999999994,0.8513799999999994,0.8515199999999994,2420
2026-08-12T18:30:00+00:00,0.8515199999999994,0.8517099999999993,0.8514799999999993,0.8516899999999994,1907
2026-08-12T19:00:00+00:00,0.8516899999999994,0.8517299999999993,0.8515599999999993,0.8515699999999994,2232
2026-08-12T19:30:00+00:00,0.8515699999999994,0.8516599999999993,0.8514799999999993,0.8515299999999993,2440
2026-08-12T20:00:00+00:00,0.8515299999999993,0.8516499999999994,0.8514999999999994,0.8515999999999994,1451
2026-08-12T20:30:00+00:00,0.8515999999999994,0.8516199999999994,0.8514599999999993,0.8515199999999994,2162
2026-08-12T21:00:00+00:00,0.8515199999999994,0.8515399999999993,0.8510799999999994,0.8512799999999994,824.8773708683217
2026-08-12T21:30:00+00:00,0.8512799999999994,0.8515099999999993,0.8510899999999993,0.8512199999999993,1100
2026-08-12T22:00:00+00:00,0.8512199999999993,0.8517399999999994,0.8512199999999993,0.8516499999999994,648.5431115276476
2026-08-12T22:30:00+00:00,0.8516499999999994,0.8516599999999993,0.8515399999999994,0.8515699999999994,542.0073188897672
2026-08-12T23:00:00+00:00,0.8515699999999994,0.8515899999999994,0.8514999999999994,0.8515399999999994,596.1262338350597
2026-08-12T23:30:00+00:00,0.8515399999999994,0.8516199999999994,0.8515299999999995,0.8515999999999994,781.3459704110011
2026-08-13T00:00:00+00:00,0.8515999999999994,0.8516599999999994,0.8515799999999994,0.8516399999999994,2146
2026-08-13T00:30:00+00:00,0.8516399999999994,0.8517099999999994,0.8515999999999994,0.8516499999999994,2235
2026-08-13T01:00:00+00:00,0.8516499999999994,0.8517299999999994,0.8516199999999994,0.8516899999999994,2706
2026-08-13T01:30:00+00:00,0.8516899999999994,0.8517599999999994,0.8516499999999994,0.8516799999999994,2009
2026-08-13T02:00:00+00:00,0.8516799999999994,0.8517499999999993,0.8516799999999994,0.8516999999999993,1394
2026-08-13T02:30:00+00:00,0.8516999999999993,0.8517399999999994,0.8516599999999994,0.8517299999999994,1371.8504964539006
2026-08-13T03:00:00+00:00,0.8517299999999994,0.8518299999999994,0.8516099999999994,0.8516699999999994,2148
2026-08-13T03:30:00+00:00,0.8516699999999994,0.8517099999999994,0.8515799999999994,0.8516399999999994,1565
2026-08-13T04:00:00+00:00,0.8516399999999994,0.8517099999999994,0.8515999999999994,0.8517099999999994,1037
2026-08-13T04:30:00+00:00,0.8517099999999994,0.8517099999999994,0.8514999999999994,0.8515599999999994,2227
2026-08-13T05:00:00+00:00,0.8515599999999994,0.8516099999999994,0.8514999999999994,0.8515499999999994,2282
2026-08-13T05:30:00+00:00,0.8515499999999994,0.8516199999999994,0.8514799999999993,0.8515399999999994,2010
2026-08-13T06:00:00+00:00,0.8515399999999994,0.8515999999999994,0.8513599999999995,0.8515499999999994,3078
2026-08-13T06:30:00+00:00,0.8515499999999994,0.8519499999999994,0.8515299999999993,0.8517999999999994,3241
2026-08-13T07:00:00+00:00,0.8517999999999994,0.8521999999999994,0.8517499999999993,0.8519499999999994,2839
2026-08-13T07:30:00+00:00,0.8519499999999994,0.8524099999999994,0.8519399999999994,0.8523799999999994,3020
2026-08-13T08:00:00+00:00,0.8523799999999994,0.8525499999999994,0.8522499999999994,0.8525199999999994,2944
2026-08-13T08:30:00+00:00,0.8525199999999994,0.8526399999999994,0.8523599999999995,0.8524799999999993,2307
2026-08-13T09:00:00+00:00,0.8524799999999993,0.8526999999999993,0.8524499999999994,0.8524499999999994,2587
2026-08-13T09:30:00+00:00,0.8524499999999994,0.8525199999999994,0.8523499999999994,0.8524499999999994,2173
2026-08-13T10:00:00+00:00,0.8524499999999994,0.8524999999999994,0.8520699999999994,0.8522199999999994,2848
2026-08-13T10:30:00+00:00,0.8522199999999994,0.8527299999999994,0.8521099999999994,0.8526699999999994,2470
2026-08-13T11:00:00+00:00,0.8526699999999994,0.8527999999999994,0.8524599999999994,0.8524599999999994,2432
2026-08-13T11:30:00+00:00,0.8524599999999994,0.8524999999999994,0.8522799999999994,0.8523899999999994,3003
2026-08-13T12:00:00+00:00,0.8523899999999994,0.8524799999999993,0.8521699999999994,0.8522099999999994,3036
2026-08-13T12:30:00+00:00,0.8522099999999994,0.8523299999999994,0.8517799999999994,0.8520499999999994,6187
2026-08-13T13:00:00+00:00,0.8520499999999994,0.8521499999999994,0.8517799999999994,0.8518099999999994,4793
2026-08-13T13:30:00+00:00,0.8518099999999994,0.8520699999999994,0.8517099999999994,0.8519899999999994,5397
2026-08-13T14:00:00+00:00,0.8519899999999994,0.8520799999999994,0.8516999999999993,0.8519699999999994,5822
2026-08-13T14:30:00+00:00,0.8519699999999994,0.8523399999999994,0.8518999999999994,0.8521299999999994,5502
2026-08-13T15:00:00+00:00,0.8521299999999994,0.8522299999999994,0.8519599999999994,0.8520799999999994,4990
2026-08-13T15:30:00+00:00,0.8520799999999994,0.8521699999999994,0.8518599999999994,0.8519099999999994,4089
2026-08-13T16:00:00+00:00,0.8519099999999994,0.8523199999999994,0.8518799999999994,0.8522499999999994,3887
2026-08-13T16:30:00+00:00,0.8522499999999994,0.8525299999999993,0.8521799999999994,0.8524399999999994,2639
2026-08-13T17:00:00+00:00,0.8524399999999994,0.8526199999999994,0.8523499999999994,0.8524599999999994,2861
2026-08-13T17:30:00+00:00,0.8524599999999994,0.8526099999999994,0.8524599999999994,0.8525599999999994,2676
2026-08-13T18:00:00+00:00,0.8525599999999994,0.8526199999999994,0.8524299999999994,0.8524499999999994,2391
2026-08-13T18:30:00+00:00,0.8524499999999994,0.8526099999999994,0.8524099999999994,0.8525499999999994,2365
2026-08-13T19:00:00+00:00,0.8525499999999994,0.8526099999999994,0.8524299999999994,0.8524899999999994,1922
2026-08-13T19:30:00+00:00,0.8524899999999994,0.8524899999999994,0.8522799999999994,0.8522999999999994,2583
2026-08-13T20:00:00+00:00,0.8522999999999994,0.8524199999999994,0.8522299999999994,0.8523099999999993,1420
2026-08-13T20:30:00+00:00,0.8523099999999993,0.8523899999999994,0.8522199999999994,0.8522299999999994,2969
2026-08-13T21:00:00+00:00,0.8522299999999994,0.8523399999999994,0.8518999999999994,0.8522799999999994,971
2026-08-13T21:30:00+00:00,0.8522799999999994,0.8523499999999994,0.8519199999999993,0.8522299999999994,1477
2026-08-13T22:00:00+00:00,0.8522299999999994,0.8525199999999994,0.8522299999999994,0.8524599999999994,648
2026-08-13T22:30:00+00:00,0.8524599999999994,0.8524899999999994,0.8524099999999994,0.8524499999999994,523
2026-08-13T23:00:00+00:00,0.8524499999999994,0.8525499999999994,0.8524099999999994,0.8525299999999993,944
2026-08-13T23:30:00+00:00,0.8525299999999993,0.8525399999999994,0.8524399999999994,0.8524699999999994,1153
2026-08-14T00:00:00+00:00,0.8524699999999994,0.8525199999999994,0.8523999999999994,0.8524399999999994,2468
2026-08-14T00:30:00+00:00,0.8524399999999994,0.8524499999999994,0.8523199999999994,0.8523399999999994,2491
2026-08-14T01:00:00+00:00,0.8523399999999994,0.8524399999999994,0.8522999999999994,0.8524099999999994,2822
2026-08-14T01:30:00+00:00,0.8524099999999994,0.8525799999999994,0.8524099999999994,0.8525599999999994,1886
2026-08-14T02:00:00+00:00,0.8525599999999994,0.8526299999999994,0.8524999999999994,0.8525599999999994,1749
2026-08-14T02:30:00+00:00,0.8525599999999994,0.8525899999999994,0.8524799999999993,0.8525499999999994,1935
2026-08-14T03:00:00+00:00,0.8525499999999994,0.8525899999999994,0.8523799999999994,0.8523999999999994,1821
2026-08-14T03:30:00+00:00,0.8523999999999994,0.8524899999999994,0.8523799999999994,0.8524399999999994,1651
2026-08-14T04:00:00+00:00,0.8524399999999994,0.8525099999999994,0.8523699999999994,0.8523999999999994,1560
2026-08-14T04:30:00+00:00,0.8523999999999994,0.8524899999999994,0.8522599999999994,0.8523999999999994,1524
2026-08-14T05:00:00+00:00,0.8523999999999994,0.8524799999999993,0.8523399999999994,0.8523899999999994,1289
2026-08-14T05:30:00+00:00,0.8523899999999994,0.8525099999999994,0.8523699999999994,0.8523999999999994,1784
2026-08-14T06:00:00+00:00,0.8523999999999994,0.8524999999999994,0.8522599999999994,0.8523399999999994,2680
2026-08-14T06:30:00+00:00,0.8523399999999994,0.8524399999999994,0.8522799999999994,0.8523399999999994,2227
2026-08-14T07:00:00+00:00,0.8523399999999994,0.8525599999999994,0.8522299999999994,0.8525099999999994,2709
2026-08-14T07:30:00+00:00,0.8525099999999994,0.8525499999999994,0.8522599999999994,0.8523499999999994,3315
2026-08-14T08:00:00+00:00,0.8523499999999994,0.8523699999999994,0.8518399999999994,0.8518699999999993,3079
2026-08-14T08:30:00+00:00,0.8518699999999993,0.8521199999999994,0.8517899999999994,0.8520599999999994,3085
2026-08-14T09:00:00+00:00,0.8520599999999994,0.8521599999999994,0.8518999999999994,0.8519099999999994,2377
2026-08-14T09:30:00+00:00,0.8519099999999994,0.8519599999999994,0.8517299999999994,0.8518199999999994,2116
2026-08-14T10:00:00+00:00,0.8518199999999994,0.8518299999999994,0.8515999999999994,0.8516199999999994,1985
2026-08-14T10:30:00+00:00,0.8516199999999994,0.8517499999999993,0.8515299999999993,0.8517299999999994,2107
2026-08-14T11:00:00+00:00,0.8517299999999994,0.8518699999999993,0.8516499999999994,0.8518099999999994,2784
2026-08-14T11:30:00+00:00,0.8518099999999994,0.8520899999999993,0.8517299999999994,0.8519999999999994,3272
2026-08-14T12:00:00+00:00,0.8519999999999994,0.8521299999999994,0.8516799999999994,0.8517599999999994,4047
2026-08-14T12:30:00+00:00,0.8517599999999994,0.8520399999999994,0.8515399999999994,0.8518399999999994,4981
2026-08-14T13:00:00+00:00,0.8518399999999994,0.8519199999999993,0.8516099999999994,0.8516399999999994,4063
2026-08-14T13:30:00+00:00,0.8516399999999994,0.8520299999999994,0.8515799999999994,0.8520099999999994,6584
2026-08-14T14:00:00+00:00,0.8520099999999994,0.8520599999999994,0.8517599999999994,0.8518499999999994,4796
2026-08-14T14:30:00+00:00,0.8518499999999994,0.8523399999999994,0.8518399999999994,0.8522799999999994,4953
2026-08-14T15:00:00+00:00,0.8522799999999994,0.8525699999999994,0.8521899999999994,0.8522999999999994,4407
2026-08-14T15:30:00+00:00,0.8522999999999994,0.8523199999999994,0.8518299999999994,0.8518899999999994,4034
2026-08-14T16:00:00+00:00,0.8518899999999994,0.8519499999999994,0.8517899999999994,0.8518699999999993,3556
2026-08-14T16:30:00+00:00,0.8518699999999993,0.8521699999999994,0.8517799999999994,0.8521399999999993,3163
2026-08-14T17:00:00+00:00,0.8521399999999993,0.8523899999999994,0.8521199999999994,0.8522699999999994,3259
2026-08-14T17:30:00+00:00,0.8522699999999994,0.8522799999999994,0.8520499999999994,0.8521099999999994,2468
2026-08-14T18:00:00+00:00,0.8521099999999994,0.8521999999999994,0.8519699999999994,0.8520699999999994,2569
2026-08-14T18:30:00+00:00,0.8520699999999994,0.8521399999999993,0.8520099999999994,0.8520999999999994,1730
2026-08-14T19:00:00+00:00,0.8520999999999994,0.8521799999999994,0.8520499999999994,0.8520899999999993,2321
2026-08-14T19:30:00+00:00,0.8520899999999993,0.8522499999999994,0.8520399999999994,0.8522099999999994,2769
2026-08-14T20:00:00+00:00,0.8522099999999994,0.8522899999999994,0.8521099999999994,0.8521799999999994,2205
2026-08-14T20:30:00+00:00,0.8521799999999994,0.8523899999999994,0.8518799999999994,0.8520399999999994,4946.203641050427
2026-08-16T21:00:00+00:00,0.8520399999999994,0.8525299999999992,0.8520399999999994,0.8525299999999992,633.314810376936
2026-08-16T21:30:00+00:00,0.8525299999999992,0.8529599999999993,0.8524599999999992,0.8528099999999993,1004
2026-08-16T22:00:00+00:00,0.8528099999999993,0.8535199999999993,0.8528099999999993,0.8533099999999992,963
2026-08-16T22:30:00+00:00,0.8533099999999992,0.8533399999999993,0.8532399999999992,0.8532899999999992,776
2026-08-16T23:00:00+00:00,0.8532899999999992,0.8533099999999991,0.8531699999999992,0.8532499999999992,801
2026-08-16T23:30:00+00:00,0.8532499999999992,0.8532899999999992,0.8530199999999992,0.8530399999999991,871
2026-08-17T00:00:00+00:00,0.8530399999999991,0.8531699999999992,0.8529099999999992,0.8530599999999992,4300
2026-08-17T00:30:00+00:00,0.8530599999999992,0.8530799999999992,0.8529299999999992,0.8529499999999992,4618
2026-08-17T01:00:00+00:00,0.8529499999999992,0.8531899999999991,0.8529399999999991,0.8531699999999992,4985
2026-08-17T01:30:00+00:00,0.8531699999999992,0.8532199999999992,0.8530899999999991,0.8532099999999991,4020
2026-08-17T02:00:00+00:00,0.8532099999999991,0.8533199999999992,0.8531799999999992,0.8532599999999991,3058
2026-08-17T02:30:00+00:00,0.8532599999999991,0.8533499999999992,0.8531899999999991,0.8532799999999992,2816
2026-08-17T03:00:00+00:00,0.8532799999999992,0.8533299999999991,0.8532199999999992,0.8532999999999992,2349
2026-08-17T03:30:00+00:00,0.8532999999999992,0.8534299999999991,0.8532899999999992,0.8534099999999992,1787
2026-08-17T04:00:00+00:00,0.8534099999999992,0.8534799999999991,0.8534099999999992,0.8534699999999992,2762
2026-08-17T04:30:00+00:00,0.8534699999999992,0.8535499999999991,0.8534199999999992,0.8535499999999991,1879
2026-08-17T05:00:00+00:00,0.8535499999999991,0.8535799999999991,0.8534799999999991,0.8535199999999992,2068
2026-08-17T05:30:00+00:00,0.8535199999999992,0.8536099999999992,0.8533799999999991,0.8535699999999992,3151
2026-08-17T06:00:00+00:00,0.8535699999999992,0.8538199999999991,0.8534399999999992,0.8538199999999991,3619
2026-08-17T06:30:00+00:00,0.8538199999999991,0.8539699999999991,0.8536699999999992,0.8538999999999992,3415
2026-08-17T07:00:00+00:00,0.8538999999999992,0.8543299999999991,0.8538199999999991,0.8542499999999992,3650
2026-08-17T07:30:00+00:00,0.8542499999999992,0.8545499999999991,0.8541699999999992,0.8544099999999991,4354
2026-08-17T08:00:00+00:00,0.8544099999999991,0.8545599999999992,0.8541799999999992,0.8544799999999991,3394
2026-08-17T08:30:00+00:00,0.8544799999999991,0.8546199999999992,0.8543399999999992,0.8544299999999991,4533
2026-08-17T09:00:00+00:00,0.8544299999999991,0.8545199999999992,0.8542199999999992,0.8543699999999992,3200
2026-08-17T09:30:00+00:00,0.8543699999999992,0.8543799999999991,0.8539099999999992,0.8539699999999991,2829
2026-08-17T10:00:00+00:00,0.8539699999999991,0.8539899999999991,0.8536699999999992,0.8537099999999992,3124
2026-08-17T10:30:00+00:00,0.8537099999999992,0.8537699999999991,0.8535099999999992,0.8536299999999992,2956
2026-08-17T11:00:00+00:00,0.8536299999999992,0.8537799999999992,0.8534199999999992,0.8534699999999992,3286
2026-08-17T11:30:00+00:00,0.8534699999999992,0.8538099999999992,0.8534699999999992,0.8537799999999992,3385
2026-08-17T12:00:00+00:00,0.8537799999999992,0.8538299999999992,0.8534999999999991,0.8536799999999992,4281
2026-08-17T12:30:00+00:00,0.8536799999999992,0.8540499999999992,0.8536199999999992,0.8538899999999991,4247
2026-08-17T13:00:00+00:00,0.8538899999999991,0.8539199999999991,0.8536099999999992,0.8537099999999992,5317
2026-08-17T13:30:00+00:00,0.8537099999999992,0.8539499999999992,0.8535699999999992,0.8537299999999992,5288
2026-08-17T14:00:00+00:00,0.8537299999999992,0.8537499999999991,0.8534099999999992,0.8535599999999992,5103
2026-08-17T14:30:00+00:00,0.8535599999999992,0.8537999999999991,0.8534099999999992,0.8535999999999991,4555
2026-08-17T15:00:00+00:00,0.8535999999999991,0.8536999999999991,0.8532099999999991,0.8532399999999992,4600
2026-08-17T15:30:00+00:00,0.8532399999999992,0.8533499999999992,0.8530999999999992,0.8532599999999991,3873
2026-08-17T16:00:00+00:00,0.8532599999999991,0.8532799999999992,0.8531399999999991,0.8532099999999991,3317
2026-08-17T16:30:00+00:00,0.8532099999999991,0.8533899999999992,0.8531299999999992,0.8533299999999991,2420
2026-08-17T17:00:00+00:00,0.8533299999999991,0.8533699999999992,0.8531999999999992,0.8533199999999992,3188
2026-08-17T17:30:00+00:00,0.8533199999999992,0.8534999999999991,0.8532399999999992,0.8534199999999992,4041
2026-08-17T18:00:00+00:00,0.8534199999999992,0.8535299999999991,0.8533699999999992,0.8534899999999992,2894
2026-08-17T18:30:00+00:00,0.8534899999999992,0.8535499999999991,0.8533999999999992,0.8534899999999992,3027
2026-08-17T19:00:00+00:00,0.8534899999999992,0.8536699999999992,0.8534499999999992,0.8536399999999992,2672
2026-08-17T19:30:00+00:00,0.8536399999999992,0.8536799999999992,0.8535599999999992,0.8535999999999991,2213
2026-08-17T20:00:00+00:00,0.8535999999999991,0.8536499999999991,0.8534599999999992,0.8534799999999991,998
2026-08-17T20:30:00+00:00,0.8534799999999991,0.8537499999999991,0.8534699999999992,0.8535899999999992,2047
2026-08-17T21:00:00+00:00,0.8535899999999992,0.8535899999999992,0.8529799999999992,0.8533599999999991,1615
2026-08-17T21:30:00+00:00,0.8533599999999991,0.8535299999999991,0.8533599999999991,0.8534399999999992,1686
2026-08-17T22:00:00+00:00,0.8534399999999992,0.8536599999999992,0.8534399999999992,0.8535899999999992,676
2026-08-17T22:30:00+00:00,0.8535899999999992,0.8536299999999992,0.8535299999999991,0.8535299999999991,413
2026-08-17T23:00:00+00:00,0.8535299999999991,0.8535499999999991,0.8534699999999992,0.8534799999999991,576
2026-08-17T23:30:00+00:00,0.8534799999999991,0.8535099999999992,0.8533699999999992,0.8534399999999992,780
2026-08-18T00:00:00+00:00,0.8534399999999992,0.8534699999999992,0.8533399999999992,0.8533899999999992,2777
2026-08-18T00:30:00+00:00,0.8533899999999992,0.8534699999999992,0.8533699999999992,0.8534399999999992,2417
2026-08-18T01:00:00+00:00,0.8534399999999992,0.8535299999999991,0.8534199999999992,0.8534899999999992,2841
2026-08-18T01:30:00+00:00,0.8534899999999992,0.8535199999999992,0.8533999999999992,0.8534799999999991,2388
2026-08-18T02:00:00+00:00,0.8534799999999991,0.8535699999999992,0.8533899999999992,0.8535299999999991,2459
2026-08-18T02:30:00+00:00,0.8535299999999991,0.8535799999999991,0.8534799999999991,0.8535399999999992,2035
2026-08-18T03:00:00+00:00,0.8535399999999992,0.8537199999999991,0.8535099999999992,0.8537099999999992,1832
2026-08-18T03:30:00+00:00,0.8537099999999992,0.8537199999999991,0.8535799999999991,0.8536899999999992,1818
2026-08-18T04:00:00+00:00,0.8536899999999992,0.8537599999999992,0.8534899999999992,0.8535699999999992,1935
2026-08-18T04:30:00+00:00,0.8535699999999992,0.8536499999999991,0.8535499999999991,0.8535599999999992,1603
2026-08-18T05:00:00+00:00,0.8535599999999992,0.8535999999999991,0.8534399999999992,0.8534799999999991,2106
2026-08-18T05:30:00+00:00,0.8534799999999991,0.8536399999999992,0.8534399999999992,0.8536099999999992,2044
2026-08-18T06:00:00+00:00,0.8536099999999992,0.8541299999999992,0.8532799999999992,0.8538099999999992,4012
2026-08-18T06:30:00+00:00,0.8538099999999992,0.8542699999999992,0.8537699999999991,0.8541299999999992,3362
2026-08-18T07:00:00+00:00,0.8541299999999992,0.8544599999999992,0.8541199999999992,0.8544499999999992,3423
2026-08-18T07:30:00+00:00,0.8544499999999992,0.8544599999999992,0.8541499999999992,0.8541599999999991,2833
2026-08-18T08:00:00+00:00,0.8541599999999991,0.8542599999999991,0.8540099999999992,0.8540199999999992,3279
2026-08-18T08:30:00+00:00,0.8540199999999992,0.8542599999999991,0.8539699999999991,0.8541199999999992,2660
2026-08-18T09:00:00+00:00,0.8541199999999992,0.8542499999999992,0.8540799999999992,0.8542099999999991,2492
2026-08-18T09:30:00+00:00,0.8542099999999991,0.8543599999999991,0.8541399999999991,0.8543399999999992,2852
2026-08-18T10:00:00+00:00,0.8543399999999992,0.8544799999999991,0.8542999999999992,0.8543599999999991,2599
2026-08-18T10:30:00+00:00,0.8543599999999991,0.8545799999999991,0.8542299999999992,0.8544999999999991,2879
2026-08-18T11:00:00+00:00,0.8544999999999991,0.8546499999999991,0.8544199999999992,0.8546199999999992,2398
2026-08-18T11:30:00+00:00,0.8546199999999992,0.8546499999999991,0.8543899999999992,0.8544599999999992,2789
2026-08-18T12:00:00+00:00,0.8544599999999992,0.8545899999999992,0.8542499999999992,0.8542599999999991,3488
2026-08-18T12:30:00+00:00,0.8542599999999991,0.8543499999999992,0.8540299999999992,0.8540399999999991,3006
2026-08-18T13:00:00+00:00,0.8540399999999991,0.8540399999999991,0.8538799999999992,0.8539399999999991,3492
2026-08-18T13:30:00+00:00,0.8539399999999991,0.8542699999999992,0.8538699999999991,0.8538899999999991,4983
2026-08-18T14:00:00+00:00,0.8538899999999991,0.8541799999999992,0.8537999999999991,0.8540399999999991,5051
2026-08-18T14:30:00+00:00,0.8540399999999991,0.8541099999999991,0.8537599999999992,0.8537999999999991,5573
2026-08-18T15:00:00+00:00,0.8537999999999991,0.8539699999999991,0.8537399999999992,0.8537899999999992,5642
2026-08-18T15:30:00+00:00,0.8537899999999992,0.8539599999999992,0.8536399999999992,0.8536699999999992,3640
2026-08-18T16:00:00+00:00,0.8536699999999992,0.8540199999999992,0.8536699999999992,0.8538399999999992,3214
2026-08-18T16:30:00+00:00,0.8538399999999992,0.8538799999999992,0.8536699999999992,0.8538299999999992,2713
2026-08-18T17:00:00+00:00,0.8538299999999992,0.8539899999999991,0.8538099999999992,0.8539499999999992,2998
2026-08-18T17:30:00+00:00,0.8539499999999992,0.8540199999999992,0.8538999999999992,0.8539699999999991,2571
2026-08-18T18:00:00+00:00,0.8539699999999991,0.8540499999999992,0.8538499999999992,0.8538699999999991,2396
2026-08-18T18:30:00+00:00,0.8538699999999991,0.8540299999999992,0.8538599999999992,0.8539599999999992,1933
2026-08-18T19:00:00+00:00,0.8539599999999992,0.8539999999999992,0.8539099999999992,0.8539499999999992,2745
2026-08-18T19:30:00+00:00,0.8539499999999992,0.8540399999999991,0.8539299999999992,0.8539799999999992,2729
2026-08-18T20:00:00+00:00,0.8539799999999992,0.8540999999999992,0.8539199999999991,0.8540399999999991,1718
2026-08-18T20:30:00+00:00,0.8540399999999991,0.8541399999999991,0.8539299999999992,0.8539799999999992,2466
2026-08-18T21:00:00+00:00,0.8539799999999992,0.8540199999999991,0.8532499999999992,0.8539199999999991,541.5419587816186
2026-08-18T21:30:00+00:00,0.8539199999999991,0.8540399999999991,0.8536699999999992,0.8537199999999991,4278
2026-08-18T22:00:00+00:00,0.8537199999999991,0.8541199999999991,0.8537199999999991,0.8540599999999992,1092
2026-08-18T22:30:00+00:00,0.8540599999999992,0.8540899999999991,0.8539799999999992,0.8540299999999992,518
2026-08-18T23:00:00+00:00,0.8540299999999992,0.8540399999999991,0.8539099999999992,0.8539699999999991,599
2026-08-18T23:30:00+00:00,0.8539699999999991,0.8539699999999991,0.8538099999999992,0.8538299999999992,919
2026-08-19T00:00:00+00:00,0.8538299999999992,0.8540199999999991,0.8537499999999991,0.8539299999999992,2626
2026-08-19T00:30:00+00:00,0.8539299999999992,0.8541799999999992,0.8538799999999992,0.8541399999999991,2555
2026-08-19T01:00:00+00:00,0.8541399999999991,0.8542699999999992,0.8540299999999992,0.8541799999999992,3031
2026-08-19T01:30:00+00:00,0.8541799999999992,0.8543999999999992,0.8541699999999991,0.8542699999999992,2583
2026-08-19T02:00:00+00:00,0.8542699999999992,0.8543199999999992,0.8541599999999991,0.8542699999999992,2865
2026-08-19T02:30:00+00:00,0.8542699999999992,0.8542799999999992,0.8540399999999991,0.8540799999999992,2882
2026-08-19T03:00:00+00:00,0.8540799999999992,0.8542799999999992,0.8540799999999992,0.8541399999999991,2323
2026-08-19T03:30:00+00:00,0.8541399999999991,0.8541899999999991,0.8541099999999991,0.8541499999999992,1754
2026-08-19T04:00:00+00:00,0.8541499999999992,0.8542299999999992,0.8541299999999992,0.8542099999999991,1505
2026-08-19T04:30:00+00:00,0.8542099999999991,0.8542999999999992,0.8541699999999991,0.8541899999999991,1657
2026-08-19T05:00:00+00:00,0.8541899999999991,0.8543099999999991,0.8541799999999992,0.8542499999999992,1618
2026-08-19T05:30:00+00:00,0.8542499999999992,0.8543099999999991,0.8541699999999991,0.8541999999999992,2191
2026-08-19T06:00:00+00:00,0.8541999999999992,0.8544499999999992,0.8539499999999991,0.8543099999999991,4277
2026-08-19T06:30:00+00:00,0.8543099999999991,0.8544199999999992,0.8542199999999992,0.8542699999999992,2612
2026-08-19T07:00:00+00:00,0.8542699999999992,0.8544899999999992,0.8540699999999991,0.8543499999999992,3329
2026-08-19T07:30:00+00:00,0.8543499999999992,0.8544199999999992,0.854059999999999,0.8540799999999991,2866
2026-08-19T08:00:00+00:00,0.8540799999999991,0.854279999999999,0.8540299999999991,0.8541899999999991,3412
2026-08-19T08:30:00+00:00,0.8541899999999991,0.8543699999999991,0.8540499999999991,0.854329999999999,3212
2026-08-19T09:00:00+00:00,0.854329999999999,0.854749999999999,0.8542999999999991,0.854669999999999,2886
2026-08-19T09:30:00+00:00,0.854669999999999,0.854869999999999,0.854599999999999,0.8546599999999991,2660
2026-08-19T10:00:00+00:00,0.8546599999999991,0.854819999999999,0.854599999999999,0.8546899999999991,2446
2026-08-19T10:30:00+00:00,0.8546899999999991,0.8548499999999991,0.8546099999999991,0.8547799999999991,2226
2026-08-19T11:00:00+00:00,0.8547799999999991,0.8548299999999991,0.8546399999999991,0.8547999999999991,3132
2026-08-19T11:30:00+00:00,0.8547999999999991,0.8548599999999991,0.854699999999999,0.854719999999999,3275
2026-08-19T12:00:00+00:00,0.854719999999999,0.8547399999999991,0.854479999999999,0.8545099999999991,3375
2026-08-19T12:30:00+00:00,0.8545099999999991,0.854769999999999,0.8541199999999991,0.854479999999999,9747
2026-08-19T13:00:00+00:00,0.854479999999999,0.8546299999999991,0.853719999999999,0.8540299999999991,7849
2026-08-19T13:30:00+00:00,0.8540299999999991,0.8547099999999991,0.8540199999999991,0.8545899999999991,8498
2026-08-19T14:00:00+00:00,0.8545899999999991,0.855359999999999,0.8545399999999991,0.855349999999999,6815
2026-08-19T14:30:00+00:00,0.855349999999999,0.8557999999999991,0.8552499999999991,0.8556599999999991,7213
2026-08-19T15:00:00+00:00,0.8556599999999991,0.855769999999999,0.855359999999999,0.8555099999999991,5534
2026-08-19T15:30:00+00:00,0.8555099999999991,0.8559999999999991,0.855399999999999,0.855839999999999,4111
2026-08-19T16:00:00+00:00,0.855839999999999,0.856109999999999,0.8558299999999991,0.856009999999999,4181
2026-08-19T16:30:00+00:00,0.856009999999999,0.856089999999999,0.8558299999999991,0.855939999999999,3614
2026-08-19T17:00:00+00:00,0.855939999999999,0.856399999999999,0.855839999999999,0.8563699999999991,4101
2026-08-19T17:30:00+00:00,0.8563699999999991,0.856549999999999,0.856259999999999,0.856429999999999,2988
2026-08-19T18:00:00+00:00,0.856429999999999,0.8566599999999991,0.856379999999999,0.856579999999999,4450
2026-08-19T18:30:00+00:00,0.856579999999999,0.856669999999999,0.856309999999999,0.8564899999999991,3918
2026-08-19T19:00:00+00:00,0.8564899999999991,0.8566099999999991,0.8564399999999991,0.856579999999999,3942
2026-08-19T19:30:00+00:00,0.856579999999999,0.856749999999999,0.8564599999999991,0.8567299999999991,4132
2026-08-19T20:00:00+00:00,0.8567299999999991,0.857059999999999,0.856619999999999,0.856919999999999,1667
2026-08-19T20:30:00+00:00,0.856919999999999,0.857039999999999,0.856719999999999,0.8567399999999991,1489
2026-08-19T21:00:00+00:00,0.8567399999999991,0.8567399999999991,0.8562899999999991,0.8563899999999991,1966.4998335481723
2026-08-19T21:30:00+00:00,0.8563899999999991,0.8568799999999991,0.8563899999999991,0.856529999999999,1880
2026-08-19T22:00:00+00:00,0.856529999999999,0.856939999999999,0.856529999999999,0.8567999999999991,856
2026-08-19T22:30:00+00:00,0.8567999999999991,0.856869999999999,0.8567399999999991,0.8568499999999991,803
2026-08-19T23:00:00+00:00,0.8568499999999991,0.8569099999999991,0.8567999999999991,0.856889999999999,1006
2026-08-19T23:30:00+00:00,0.856889999999999,0.857009999999999,0.8568799999999991,0.857009999999999,828
2026-08-20T00:00:00+00:00,0.857009999999999,0.857089999999999,0.856919999999999,0.857009999999999,3653
2026-08-20T00:30:00+00:00,0.857009999999999,0.857089999999999,0.8569099999999991,0.857039999999999,3340
2026-08-20T01:00:00+00:00,0.857039999999999,0.857089999999999,0.856939999999999,0.8570199999999991,4107
2026-08-20T01:30:00+00:00,0.8570199999999991,0.8571199999999991,0.8566599999999991,0.8566899999999991,4068
2026-08-20T02:00:00+00:00,0.8566899999999991,0.856839999999999,0.8566299999999991,0.856789999999999,3910
2026-08-20T02:30:00+00:00,0.856789999999999,0.8568499999999991,0.8567099999999991,0.856749999999999,2753
2026-08-20T03:00:00+00:00,0.856749999999999,0.856749999999999,0.856479999999999,0.8565399999999991,2663
2026-08-20T03:30:00+00:00,0.8565399999999991,0.856569999999999,0.856449999999999,0.856499999999999,1930
2026-08-20T04:00:00+00:00,0.856499999999999,0.856549999999999,0.8563899999999991,0.8564199999999991,1843
2026-08-20T04:30:00+00:00,0.8564199999999991,0.8565599999999991,0.856399999999999,0.856449999999999,2269
2026-08-20T05:00:00+00:00,0.856449999999999,0.856549999999999,0.8564199999999991,0.8565199999999991,2330
2026-08-20T05:30:00+00:00,0.8565199999999991,0.8568599999999991,0.8565099999999991,0.8568499999999991,3343
2026-08-20T06:00:00+00:00,0.8568499999999991,0.856919999999999,0.8566599999999991,0.8567599999999991,4088
2026-08-20T06:30:00+00:00,0.8567599999999991,0.8570499999999991,0.8567299999999991,0.8569599999999991,3891
2026-08-20T07:00:00+00:00,0.8569599999999991,0.857059999999999,0.8565599999999991,0.856569999999999,3964
2026-08-20T07:30:00+00:00,0.856569999999999,0.8568099999999991,0.856329999999999,0.8567999999999991,4912
2026-08-20T08:00:00+00:00,0.8567999999999991,0.8568299999999991,0.856089999999999,0.8561499999999991,4042
2026-08-20T08:30:00+00:00,0.8561499999999991,0.8566799999999991,0.8561299999999991,0.8565599999999991,3944
2026-08-20T09:00:00+00:00,0.8565599999999991,0.8567999999999991,0.8565099999999991,0.8565899999999991,3871
2026-08-20T09:30:00+00:00,0.8565899999999991,0.856619999999999,0.856279999999999,0.8564099999999991,3312
2026-08-20T10:00:00+00:00,0.8564099999999991,0.856549999999999,0.855889999999999,0.856009999999999,3980
2026-08-20T10:30:00+00:00,0.856009999999999,0.8561299999999991,0.855839999999999,0.8558799999999991,3945
2026-08-20T11:00:00+00:00,0.8558799999999991,0.8562499999999991,0.8558099999999991,0.8560199999999991,4400
2026-08-20T11:30:00+00:00,0.8560199999999991,0.8560699999999991,0.855599999999999,0.8557599999999991,5519
2026-08-20T12:00:00+00:00,0.8557599999999991,0.8560499999999991,0.8554699999999991,0.855649999999999,5918
2026-08-20T12:30:00+00:00,0.855649999999999,0.855869999999999,0.8552899999999991,0.8554099999999991,6273
2026-08-20T13:00:00+00:00,0.8554099999999991,0.855449999999999,0.8550699999999991,0.855279999999999,5920
2026-08-20T13:30:00+00:00,0.855279999999999,0.855429999999999,0.8549099999999991,0.8549499999999991,6510
2026-08-20T14:00:00+00:00,0.8549499999999991,0.8552899999999991,0.8548499999999991,0.855139999999999,5900
2026-08-20T14:30:00+00:00,0.855139999999999,0.8557399999999991,0.8550699999999991,0.8556399999999991,5735
2026-08-20T15:00:00+00:00,0.8556399999999991,0.855649999999999,0.8550499999999991,0.8550999999999991,8455
2026-08-20T15:30:00+00:00,0.8550999999999991,0.8552499999999991,0.854919999999999,0.8550299999999991,6896
2026-08-20T16:00:00+00:00,0.8550299999999991,0.855209999999999,0.8549999999999991,0.8551699999999991,5088
2026-08-20T16:30:00+00:00,0.8551699999999991,0.855229999999999,0.854869999999999,0.8549999999999991,4637
2026-08-20T17:00:00+00:00,0.8549999999999991,0.8552999999999991,0.854959999999999,0.855259999999999,3737
2026-08-20T17:30:00+00:00,0.855259999999999,0.855359999999999,0.855229999999999,0.8552999999999991,2747
2026-08-20T18:00:00+00:00,0.8552999999999991,0.855499999999999,0.855279999999999,0.8554099999999991,3005
2026-08-20T18:30:00+00:00,0.8554099999999991,0.855499999999999,0.855359999999999,0.8554099999999991,3053
2026-08-20T19:00:00+00:00,0.8554099999999991,0.8554099999999991,0.8552399999999991,0.8553199999999991,3054
2026-08-20T19:30:00+00:00,0.8553199999999991,0.8554899999999991,0.8552899999999991,0.8554699999999991,2988
2026-08-20T20:00:00+00:00,0.8554699999999991,0.855499999999999,0.855329999999999,0.855399999999999,1316
2026-08-20T20:30:00+00:00,0.855399999999999,0.8554399999999991,0.855279999999999,0.855329999999999,2339
2026-08-20T21:00:00+00:00,0.855329999999999,0.855549999999999,0.8550199999999991,0.8552499999999991,392.7776254455717
2026-08-20T21:30:00+00:00,0.8552499999999991,0.855379999999999,0.854989999999999,0.8551999999999991,2400
2026-08-20T22:00:00+00:00,0.8551999999999991,0.855479999999999,0.8551999999999991,0.8554599999999991,823
2026-08-20T22:30:00+00:00,0.8554599999999991,0.8554599999999991,0.8553699999999991,0.8553899999999991,453
2026-08-20T23:00:00+00:00,0.8553899999999991,0.8554199999999991,0.8552899999999991,0.855349999999999,903
2026-08-20T23:30:00+00:00,0.855349999999999,0.8554099999999991,0.8552499999999991,0.8552899999999991,1207
2026-08-21T00:00:00+00:00,0.8552899999999991,0.855349999999999,0.8551899999999991,0.855349999999999,3687
2026-08-21T00:30:00+00:00,0.855349999999999,0.855379999999999,0.855259999999999,0.8552699999999991,4159
2026-08-21T01:00:00+00:00,0.8552699999999991,0.8554199999999991,0.8552499999999991,0.855349999999999,5220
2026-08-21T01:30:00+00:00,0.855349999999999,0.855399999999999,0.8552399999999991,0.855379999999999,5100
2026-08-21T02:00:00+00:00,0.855379999999999,0.8555099999999991,0.8553699999999991,0.855479999999999,3901
2026-08-21T02:30:00+00:00,0.855479999999999,0.855599999999999,0.855379999999999,0.8555399999999991,4327
2026-08-21T03:00:00+00:00,0.8555399999999991,0.8556399999999991,0.855529999999999,0.855599999999999,3235
2026-08-21T03:30:00+00:00,0.855599999999999,0.8556399999999991,0.8555099999999991,0.8555899999999991,2840
2026-08-21T04:00:00+00:00,0.8555899999999991,0.8557799999999991,0.8555599999999991,0.855769999999999,1601
2026-08-21T04:30:00+00:00,0.855769999999999,0.8558299999999991,0.8556099999999991,0.8556599999999991,1647
2026-08-21T05:00:00+00:00,0.8556599999999991,0.855699999999999,0.8555799999999991,0.855619999999999,2390
2026-08-21T05:30:00+00:00,0.855619999999999,0.855699999999999,0.8554099999999991,0.8554899999999991,3677
2026-08-21T06:00:00+00:00,0.8554899999999991,0.8557099999999991,0.8554099999999991,0.855499999999999,3616
2026-08-21T06:30:00+00:00,0.855499999999999,0.855699999999999,0.855429999999999,0.8556399999999991,2914
2026-08-21T07:00:00+00:00,0.8556399999999991,0.855769999999999,0.855279999999999,0.8552899999999991,3433
2026-08-21T07:30:00+00:00,0.8552899999999991,0.8556899999999991,0.8551299999999991,0.855619999999999,4774
2026-08-21T08:00:00+00:00,0.855619999999999,0.855969999999999,0.855619999999999,0.8556399999999991,4160
2026-08-21T08:30:00+00:00,0.8556399999999991,0.8557299999999991,0.855209999999999,0.8552199999999991,4770
2026-08-21T09:00:00+00:00,0.8552199999999991,0.855429999999999,0.8548799999999991,0.855379999999999,4859
2026-08-21T09:30:00+00:00,0.855379999999999,0.855599999999999,0.855349999999999,0.855429999999999,3693
2026-08-21T10:00:00+00:00,0.855429999999999,0.8554899999999991,0.8552999999999991,0.855479999999999,3441
2026-08-21T10:30:00+00:00,0.855479999999999,0.8562499999999991,0.855449999999999,0.855969999999999,3900
2026-08-21T11:00:00+00:00,0.855969999999999,0.8560699999999991,0.855479999999999,0.8555899999999991,4721
2026-08-21T11:30:00+00:00,0.8555899999999991,0.8556099999999991,0.855089999999999,0.855349999999999,5471
2026-08-21T12:00:00+00:00,0.855349999999999,0.855449999999999,0.854939999999999,0.855109999999999,4938
2026-08-21T12:30:00+00:00,0.855109999999999,0.8556899999999991,0.855109999999999,0.855479999999999,5304
2026-08-21T13:00:00+00:00,0.855479999999999,0.8556799999999991,0.855309999999999,0.855449999999999,5245
2026-08-21T13:30:00+00:00,0.855449999999999,0.855449999999999,0.8548099999999991,0.854889999999999,4968
2026-08-21T14:00:00+00:00,0.854889999999999,0.854939999999999,0.8546799999999991,0.8548599999999991,4641
2026-08-21T14:30:00+00:00,0.8548599999999991,0.8555099999999991,0.8548599999999991,0.8554099999999991,7399
2026-08-21T15:00:00+00:00,0.8554099999999991,0.8554599999999991,0.8551899999999991,0.8552899999999991,6027
2026-08-21T15:30:00+00:00,0.8552899999999991,0.8553199999999991,0.855009999999999,0.8550199999999991,4326
2026-08-21T16:00:00+00:00,0.8550199999999991,0.8551899999999991,0.8549299999999991,0.8550499999999991,4579
2026-08-21T16:30:00+00:00,0.8550499999999991,0.855059999999999,0.8548799999999991,0.854919999999999,3678
2026-08-21T17:00:00+00:00,0.854919999999999,0.854939999999999,0.8546599999999991,0.854699999999999,3428
2026-08-21T17:30:00+00:00,0.854699999999999,0.8547099999999991,0.8543699999999991,0.854399999999999,2839
2026-08-21T18:00:00+00:00,0.854399999999999,0.8544199999999991,0.854279999999999,0.854359999999999,2416
2026-08-21T18:30:00+00:00,0.854359999999999,0.854429999999999,0.8543199999999991,0.854399999999999,2207
2026-08-21T19:00:00+00:00,0.854399999999999,0.854429999999999,0.8542899999999991,0.854359999999999,2434
2026-08-21T19:30:00+00:00,0.854359999999999,0.8544699999999991,0.854309999999999,0.8543899999999991,2849
2026-08-21T20:00:00+00:00,0.8543899999999991,0.8544099999999991,0.8542699999999991,0.854309999999999,1449
2026-08-21T20:30:00+00:00,0.854309999999999,0.8544699999999991,0.853789999999999,0.853899999999999,7827.304387849033
2026-08-23T21:00:00+00:00,0.85573,0.85635,0.85573,0.85626,200
2026-08-23T21:30:00+00:00,0.85626,0.85626,0.8553,0.85559,912
2026-08-23T22:00:00+00:00,0.85559,0.8562299999999999,0.85559,0.85586,1254
2026-08-23T22:30:00+00:00,0.85586,0.85586,0.85563,0.8557899999999999,817
2026-08-23T23:00:00+00:00,0.8557899999999999,0.8557999999999999,0.8556199999999999,0.8556499999999999,800
2026-08-23T23:30:00+00:00,0.8556499999999999,0.8556599999999999,0.8555399999999999,0.8555999999999999,868
2026-08-24T00:00:00+00:00,0.8555999999999999,0.8559299999999999,0.8555799999999999,0.8558899999999999,2743
2026-08-24T00:30:00+00:00,0.8558899999999999,0.8559099999999998,0.8557199999999999,0.8557499999999999,3122
2026-08-24T01:00:00+00:00,0.8557499999999999,0.8559299999999999,0.8557499999999999,0.8558899999999999,3802
2026-08-24T01:30:00+00:00,0.8558899999999999,0.8560399999999999,0.8558799999999999,0.8559399999999999,2817
2026-08-24T02:00:00+00:00,0.8559399999999999,0.8559999999999999,0.8558299999999999,0.8558599999999998,2420
2026-08-24T02:30:00+00:00,0.8558599999999998,0.8559799999999999,0.8557999999999999,0.8558299999999999,2222
2026-08-24T03:00:00+00:00,0.8558299999999999,0.8559099999999998,0.8557799999999999,0.8558999999999999,1865
2026-08-24T03:30:00+00:00,0.8558999999999999,0.8559499999999999,0.8558599999999998,0.8559399999999999,1649
2026-08-24T04:00:00+00:00,0.8559399999999999,0.8559599999999999,0.8558399999999999,0.8559299999999999,2182
2026-08-24T04:30:00+00:00,0.8559299999999999,0.8560499999999999,0.8559199999999999,0.8560299999999998,2112
2026-08-24T05:00:00+00:00,0.8560299999999998,0.8560799999999998,0.8559599999999999,0.8560099999999999,1783
2026-08-24T05:30:00+00:00,0.8560099999999999,0.8561199999999999,0.8559899999999999,0.8560999999999999,2377
2026-08-24T06:00:00+00:00,0.8560999999999999,0.8560999999999999,0.8558599999999998,0.8559799999999999,3036
2026-08-24T06:30:00+00:00,0.8559799999999999,0.8561399999999999,0.8558599999999998,0.8559099999999998,3006
2026-08-24T07:00:00+00:00,0.8559099999999998,0.8559099999999998,0.8554099999999999,0.8556499999999999,2831
2026-08-24T07:30:00+00:00,0.8556499999999999,0.8558199999999999,0.8554099999999999,0.8558099999999998,3437
2026-08-24T08:00:00+00:00,0.8558099999999998,0.8558999999999999,0.8554599999999999,0.8557599999999999,4048
2026-08-24T08:30:00+00:00,0.8557599999999999,0.8562099999999999,0.8556399999999998,0.8562099999999999,3116
2026-08-24T09:00:00+00:00,0.8562099999999999,0.8562199999999999,0.8556599999999999,0.8557199999999999,2607
2026-08-24T09:30:00+00:00,0.8557199999999999,0.8557899999999999,0.8554999999999999,0.8555099999999999,2044
2026-08-24T10:00:00+00:00,0.8555099999999999,0.8557599999999999,0.8554999999999999,0.8556699999999999,2084
2026-08-24T10:30:00+00:00,0.8556699999999999,0.8560599999999999,0.8556599999999999,0.8560199999999999,2248
2026-08-24T11:00:00+00:00,0.8560199999999999,0.8561399999999999,0.8558999999999999,0.8559699999999999,2652
2026-08-24T11:30:00+00:00,0.8559699999999999,0.8559699999999999,0.8553599999999999,0.8553999999999999,4769
2026-08-24T12:00:00+00:00,0.8553999999999999,0.8556799999999999,0.8553799999999999,0.8555099999999999,3372
2026-08-24T12:30:00+00:00,0.8555099999999999,0.8555099999999999,0.8552299999999999,0.8553499999999999,4119
2026-08-24T13:00:00+00:00,0.8553499999999999,0.8554099999999999,0.8551399999999999,0.8553899999999999,3916
2026-08-24T13:30:00+00:00,0.8553899999999999,0.8554699999999998,0.8550399999999999,0.8551399999999999,4964
2026-08-24T14:00:00+00:00,0.8551399999999999,0.8555499999999999,0.8551099999999999,0.8555499999999999,4024
2026-08-24T14:30:00+00:00,0.8555499999999999,0.8557199999999999,0.8553199999999999,0.8556199999999999,4490
2026-08-24T15:00:00+00:00,0.8556199999999999,0.8556299999999999,0.8553699999999999,0.8554699999999998,4074
2026-08-24T15:30:00+00:00,0.8554699999999998,0.8558899999999999,0.8554299999999999,0.8557999999999999,3241
2026-08-24T16:00:00+00:00,0.8557999999999999,0.8558799999999999,0.8555899999999999,0.8556299999999999,3770
2026-08-24T16:30:00+00:00,0.8556299999999999,0.8557199999999999,0.8554999999999999,0.8555299999999999,3023
2026-08-24T17:00:00+00:00,0.8555299999999999,0.8555799999999999,0.8553699999999999,0.8554499999999999,4549
2026-08-24T17:30:00+00:00,0.8554499999999999,0.8555199999999998,0.8553699999999999,0.8554899999999999,2822
2026-08-24T18:00:00+00:00,0.8554899999999999,0.8555999999999999,0.8554799999999999,0.8555799999999999,2192
2026-08-24T18:30:00+00:00,0.8555799999999999,0.8557199999999999,0.8555099999999999,0.8556699999999999,1891
2026-08-24T19:00:00+00:00,0.8556699999999999,0.8557599999999999,0.8556199999999999,0.8557099999999999,1990
2026-08-24T19:30:00+00:00,0.8557099999999999,0.8557599999999999,0.8555899999999999,0.8556699999999999,1950
2026-08-24T20:00:00+00:00,0.8556699999999999,0.8557099999999999,0.8555599999999999,0.8556699999999999,1434
2026-08-24T20:30:00+00:00,0.8556699999999999,0.8557199999999999,0.8555499999999999,0.8555499999999999,1213
2026-08-24T21:00:00+00:00,0.8555499999999999,0.8555499999999999,0.8548399999999999,0.8554599999999999,659
2026-08-24T21:30:00+00:00,0.8554599999999999,0.8556799999999999,0.8552499999999998,0.8552799999999999,1582
2026-08-24T22:00:00+00:00,0.8552799999999999,0.8556699999999999,0.8552799999999999,0.8556199999999999,706
2026-08-24T22:30:00+00:00,0.8556199999999999,0.8556499999999999,0.8555299999999999,0.8555599999999999,315
2026-08-24T23:00:00+00:00,0.8555599999999999,0.8555799999999999,0.8554899999999999,0.8554899999999999,560
2026-08-24T23:30:00+00:00,0.8554899999999999,0.8555999999999999,0.8554799999999999,0.8555399999999999,1079
2026-08-25T00:00:00+00:00,0.8555399999999999,0.8556599999999999,0.8555099999999999,0.8555699999999999,3517
2026-08-25T00:30:00+00:00,0.8555699999999999,0.8556499999999999,0.8554899999999999,0.8555099999999999,3412
2026-08-25T01:00:00+00:00,0.8555099999999999,0.8555599999999999,0.8553999999999999,0.8554999999999999,4114
2026-08-25T01:30:00+00:00,0.8554999999999999,0.8555499999999999,0.8553999999999999,0.8555299999999999,3844
2026-08-25T02:00:00+00:00,0.8555299999999999,0.8555699999999999,0.8554099999999999,0.8554499999999999,3489
2026-08-25T02:30:00+00:00,0.8554499999999999,0.8554599999999999,0.8553499999999999,0.8553699999999999,3445
2026-08-25T03:00:00+00:00,0.8553699999999999,0.8554599999999999,0.8553699999999999,0.8554199999999998,2362
2026-08-25T03:30:00+00:00,0.8554199999999998,0.8555499999999999,0.8554099999999999,0.8555399999999999,1835
2026-08-25T04:00:00+00:00,0.8555399999999999,0.8555699999999999,0.8554199999999998,0.8554199999999998,1890
2026-08-25T04:30:00+00:00,0.8554199999999998,0.8554499999999999,0.8553199999999999,0.8553699999999999,2460
2026-08-25T05:00:00+00:00,0.8553699999999999,0.8553799999999999,0.8552499999999998,0.8553499999999999,1615
2026-08-25T05:30:00+00:00,0.8553499999999999,0.8554799999999999,0.8552999999999998,0.8554099999999999,2055
2026-08-25T06:00:00+00:00,0.8554099999999999,0.8555899999999999,0.8553799999999999,0.8554799999999999,3086
2026-08-25T06:30:00+00:00,0.8554799999999999,0.8555599999999999,0.8550599999999999,0.8550699999999999,3755
2026-08-25T07:00:00+00:00,0.8550699999999999,0.8550999999999999,0.8546199999999999,0.8548499999999999,3765
2026-08-25T07:30:00+00:00,0.8548499999999999,0.8549399999999999,0.8546699999999999,0.8548199999999999,3459
2026-08-25T08:00:00+00:00,0.8548199999999999,0.8553899999999999,0.8547899999999999,0.8553399999999999,4703
2026-08-25T08:30:00+00:00,0.8553399999999999,0.8555699999999999,0.8551599999999999,0.8552799999999999,4169
2026-08-25T09:00:00+00:00,0.8552799999999999,0.8553299999999999,0.8550099999999999,0.8552199999999999,4252
2026-08-25T09:30:00+00:00,0.8552199999999999,0.8553499999999999,0.8551199999999999,0.8552399999999999,3731
2026-08-25T10:00:00+00:00,0.8552399999999999,0.8553899999999999,0.8551599999999999,0.8551599999999999,3568
2026-08-25T10:30:00+00:00,0.8551599999999999,0.8554899999999999,0.8550999999999999,0.8554699999999998,3021
2026-08-25T11:00:00+00:00,0.8554699999999998,0.8556499999999999,0.8553899999999999,0.8556099999999999,3124
2026-08-25T11:30:00+00:00,0.8556099999999999,0.8556199999999999,0.8552299999999999,0.8552899999999999,3381
2026-08-25T12:00:00+00:00,0.8552899999999999,0.85556,0.8552099999999999,0.85556,3853
2026-08-25T12:30:00+00:00,0.85556,0.8558399999999999,0.8555299999999999,0.8555699999999999,3901
2026-08-25T13:00:00+00:00,0.8555699999999999,0.85568,0.8551,0.85546,5307
2026-08-25T13:30:00+00:00,0.85546,0.85574,0.8553299999999999,0.85566,5143
2026-08-25T14:00:00+00:00,0.85566,0.8561399999999999,0.85558,0.85597,5290
2026-08-25T14:30:00+00:00,0.85597,0.8561,0.8556499999999999,0.8559899999999999,5886
2026-08-25T15:00:00+00:00,0.8559899999999999,0.8561599999999999,0.85581,0.85586,4670
2026-08-25T15:30:00+00:00,0.85586,0.8561799999999999,0.8557899999999999,0.85581,5520
2026-08-25T16:00:00+00:00,0.85581,0.85593,0.85571,0.8558199999999999,3795
2026-08-25T16:30:00+00:00,0.8558199999999999,0.8560399999999999,0.8556999999999999,0.8559899999999999,2676
2026-08-25T17:00:00+00:00,0.8559899999999999,0.85605,0.8557199999999999,0.85576,3459
2026-08-25T17:30:00+00:00,0.85576,0.85578,0.85559,0.85563,2846
2026-08-25T18:00:00+00:00,0.85563,0.85564,0.8554499999999999,0.8555699999999999,2790
2026-08-25T18:30:00+00:00,0.8555699999999999,0.85567,0.8555200000000001,0.8555200000000001,2182
2026-08-25T19:00:00+00:00,0.8555200000000001,0.85567,0.85538,0.85538,3439
2026-08-25T19:30:00+00:00,0.85538,0.85538,0.85516,0.8552500000000001,3358
2026-08-25T20:00:00+00:00,0.8552500000000001,0.8554,0.85523,0.85531,2804
2026-08-25T20:30:00+00:00,0.85531,0.85543,0.85524,0.8552500000000001,2740
2026-08-25T21:00:00+00:00,0.8552500000000001,0.85532,0.85467,0.85499,384
2026-08-25T21:30:00+00:00,0.85499,0.85547,0.85499,0.85522,1010
2026-08-25T22:00:00+00:00,0.85522,0.8554999999999999,0.85522,0.8554099999999999,1159
2026-08-25T22:30:00+00:00,0.8554099999999999,0.85547,0.8553299999999999,0.85544,589
2026-08-25T23:00:00+00:00,0.85544,0.8554799999999999,0.85537,0.85542,633
2026-08-25T23:30:00+00:00,0.85542,0.8555099999999999,0.8553799999999999,0.8555099999999999,972
2026-08-26T00:00:00+00:00,0.8555099999999999,0.85554,0.85537,0.8554099999999999,1761
2026-08-26T00:30:00+00:00,0.8554099999999999,0.8554599999999999,0.85532,0.8553999999999999,1824
2026-08-26T01:00:00+00:00,0.8553999999999999,0.8554099999999999,0.8552599999999999,0.8552899999999999,2114
2026-08-26T01:30:00+00:00,0.8552899999999999,0.8553099999999999,0.8551899999999999,0.85527,2817
2026-08-26T02:00:00+00:00,0.85527,0.8553799999999999,0.8552399999999999,0.8553099999999999,2344
2026-08-26T02:30:00+00:00,0.8553099999999999,0.8553999999999999,0.85527,0.8553799999999999,1682
2026-08-26T03:00:00+00:00,0.8553799999999999,0.8553999999999999,0.85527,0.8553599999999999,1774
2026-08-26T03:30:00+00:00,0.8553599999999999,0.8553999999999999,0.8552799999999999,0.8553499999999999,1929
2026-08-26T04:00:00+00:00,0.8553499999999999,0.8554299999999999,0.8553299999999999,0.8553799999999999,1102
2026-08-26T04:30:00+00:00,0.8553799999999999,0.85542,0.85532,0.85542,1512
2026-08-26T05:00:00+00:00,0.85542,0.85561,0.8553999999999999,0.85559,1553
2026-08-26T05:30:00+00:00,0.85559,0.85561,0.8554499999999999,0.8554599999999999,1957
2026-08-26T06:00:00+00:00,0.8554599999999999,0.85576,0.8554599999999999,0.85559,2804
2026-08-26T06:30:00+00:00,0.85559,0.8560399999999999,0.8555799999999999,0.8558199999999999,2860
2026-08-26T07:00:00+00:00,0.8558199999999999,0.85586,0.85552,0.8558199999999999,3182
2026-08-26T07:30:00+00:00,0.8558199999999999,0.8561599999999999,0.85581,0.8561399999999999,2872
2026-08-26T08:00:00+00:00,0.8561399999999999,0.8564299999999999,0.8560199999999999,0.8563799999999999,3330
2026-08-26T08:30:00+00:00,0.8563799999999999,0.8564799999999999,0.85627,0.85635,2657
2026-08-26T09:00:00+00:00,0.85635,0.8564299999999999,0.8560099999999999,0.85608,2529
2026-08-26T09:30:00+00:00,0.85608,0.8562399999999999,0.856,0.85608,2088
2026-08-26T10:00:00+00:00,0.85608,0.85647,0.8560699999999999,0.8564499999999999,2185
2026-08-26T10:30:00+00:00,0.8564499999999999,0.8564499999999999,0.8561799999999999,0.8561799999999999,2018
2026-08-26T11:00:00+00:00,0.8561799999999999,0.8563099999999999,0.8559399999999999,0.8559899999999999,2682
2026-08-26T11:30:00+00:00,0.8559899999999999,0.8562599999999999,0.85593,0.85617,3135
2026-08-26T12:00:00+00:00,0.85617,0.85656,0.856,0.85625,3610
2026-08-26T12:30:00+00:00,0.85625,0.8568999999999999,0.8561399999999999,0.8565699999999999,6109
2026-08-26T13:00:00+00:00,0.8565699999999999,0.8567899999999999,0.85642,0.8567299999999999,4521
2026-08-26T13:30:00+00:00,0.8567299999999999,0.85688,0.85659,0.8566699999999999,4816
2026-08-26T14:00:00+00:00,0.8566699999999999,0.8571,0.8565999999999999,0.8569199999999999,5284
2026-08-26T14:30:00+00:00,0.8569199999999999,0.8572799999999999,0.85678,0.857,5749
2026-08-26T15:00:00+00:00,0.857,0.85742,0.85691,0.8573,4525
2026-08-26T15:30:00+00:00,0.8573,0.85735,0.85691,0.85703,4569
2026-08-26T16:00:00+00:00,0.85703,0.8571599999999998,0.8569299999999999,0.8571099999999998,3262
2026-08-26T16:30:00+00:00,0.8571099999999998,0.8572799999999998,0.8570999999999999,0.8571399999999999,3090
2026-08-26T17:00:00+00:00,0.8571399999999999,0.8572099999999998,0.8570499999999999,0.8571799999999998,2765
2026-08-26T17:30:00+00:00,0.8571799999999998,0.8572099999999998,0.8570399999999998,0.8571399999999999,2170
2026-08-26T18:00:00+00:00,0.8571399999999999,0.8571899999999999,0.8570599999999998,0.8571699999999999,2244
2026-08-26T18:30:00+00:00,0.8571699999999999,0.8572699999999999,0.8571499999999999,0.8571999999999999,1656
2026-08-26T19:00:00+00:00,0.8571999999999999,0.8573099999999998,0.8571499999999999,0.8572199999999999,1684
2026-08-26T19:30:00+00:00,0.8572199999999999,0.8572499999999998,0.8571499999999999,0.8572099999999998,2750
2026-08-26T20:00:00+00:00,0.8572099999999998,0.8572499999999998,0.8571099999999998,0.8571899999999999,1471
2026-08-26T20:30:00+00:00,0.8571899999999999,0.8572399999999999,0.8568699999999998,0.8568799999999999,2123
2026-08-26T21:00:00+00:00,0.8568799999999999,0.85705,0.8564599999999999,0.85697,845
2026-08-26T21:30:00+00:00,0.85697,0.85726,0.85691,0.85704,2203
2026-08-26T22:00:00+00:00,0.85704,0.85733,0.85704,0.85727,1972
2026-08-26T22:30:00+00:00,0.85727,0.85731,0.85718,0.85723,722
2026-08-26T23:00:00+00:00,0.85723,0.85726,0.85716,0.85723,1066
2026-08-26T23:30:00+00:00,0.85723,0.85729,0.85718,0.85725,730
2026-08-27T00:00:00+00:00,0.85725,0.85753,0.85722,0.85751,2969
2026-08-27T00:30:00+00:00,0.85751,0.85768,0.85747,0.8576,2968
2026-08-27T01:00:00+00:00,0.8576,0.85778,0.85757,0.85768,3464
2026-08-27T01:30:00+00:00,0.85768,0.85778,0.85765,0.85767,3564
2026-08-27T02:00:00+00:00,0.85767,0.8577,0.8576,0.85767,2297
2026-08-27T02:30:00+00:00,0.85767,0.85771,0.85756,0.8576,2117
2026-08-27T03:00:00+00:00,0.8576,0.85762,0.85752,0.85754,2661
2026-08-27T03:30:00+00:00,0.85754,0.85775,0.85754,0.85773,2149
2026-08-27T04:00:00+00:00,0.85773,0.85774,0.85763,0.85766,1826
2026-08-27T04:30:00+00:00,0.85766,0.85782,0.85765,0.85782,2038
2026-08-27T05:00:00+00:00,0.85782,0.85786,0.85775,0.85776,1946
2026-08-27T05:30:00+00:00,0.85776,0.85778,0.85761,0.85767,2016
2026-08-27T06:00:00+00:00,0.85767,0.85767,0.85753,0.8576,2390
2026-08-27T06:30:00+00:00,0.8576,0.85773,0.85753,0.85754,3391
2026-08-27T07:00:00+00:00,0.85754,0.85764,0.85727,0.85761,3492
2026-08-27T07:30:00+00:00,0.85761,0.85785,0.85741,0.85778,3520
2026-08-27T08:00:00+00:00,0.85778,0.85782,0.85752,0.85759,3510
2026-08-27T08:30:00+00:00,0.85759,0.85788,0.85756,0.85777,4086
2026-08-27T09:00:00+00:00,0.85777,0.85788,0.85757,0.85761,3948
2026-08-27T09:30:00+00:00,0.85761,0.8578,0.85745,0.85754,3782
2026-08-27T10:00:00+00:00,0.85754,0.8577,0.85749,0.8575,3621
2026-08-27T10:30:00+00:00,0.8575,0.85755,0.85724,0.85743,3892
2026-08-27T11:00:00+00:00,0.85743,0.85754,0.85703,0.85717,2951
2026-08-27T11:30:00+00:00,0.85717,0.85755,0.85717,0.85738,4454
2026-08-27T12:00:00+00:00,0.85738,0.85754,0.85726,0.85729,4859
2026-08-27T12:30:00+00:00,0.85729,0.85765,0.85725,0.85761,5014
2026-08-27T13:00:00+00:00,0.85761,0.85761,0.8571,0.85729,5906
2026-08-27T13:30:00+00:00,0.85729,0.8574,0.85705,0.85735,6088
2026-08-27T14:00:00+00:00,0.85735,0.85763,0.85722,0.85755,5458
2026-08-27T14:30:00+00:00,0.85755,0.85783,0.85732,0.85742,5877
2026-08-27T15:00:00+00:00,0.85742,0.85763,0.85739,0.8573999999999999,4975
2026-08-27T15:30:00+00:00,0.8573999999999999,0.8575699999999999,0.8569599999999999,0.857,4024
2026-08-27T16:00:00+00:00,0.857,0.85712,0.8568899999999999,0.85692,3923
2026-08-27T16:30:00+00:00,0.85692,0.8573200000000001,0.8569,0.85726,2905
2026-08-27T17:00:00+00:00,0.85726,0.85731,0.85717,0.85726,2971
2026-08-27T17:30:00+00:00,0.85726,0.8573700000000001,0.85714,0.85731,2958
2026-08-27T18:00:00+00:00,0.85731,0.8574700000000001,0.85723,0.85743,2732
2026-08-27T18:30:00+00:00,0.85743,0.85751,0.8572500000000001,0.85731,1882
2026-08-27T19:00:00+00:00,0.85731,0.85739,0.8573000000000001,0.8573700000000001,2043
2026-08-27T19:30:00+00:00,0.8573700000000001,0.8574700000000001,0.8573200000000001,0.8573700000000001,2029
2026-08-27T20:00:00+00:00,0.8573700000000001,0.85739,0.8572200000000001,0.85728,1286
2026-08-27T20:30:00+00:00,0.85728,0.85733,0.85717,0.85717,1642
2026-08-27T21:00:00+00:00,0.85717,0.85736,0.85639,0.85707,15268
2026-08-27T21:30:00+00:00,0.85707,0.85734,0.8569800000000001,0.85714,3146
2026-08-27T22:00:00+00:00,0.85714,0.85738,0.85714,0.8572000000000001,1155
2026-08-27T22:30:00+00:00,0.8572000000000001,0.85723,0.85714,0.85714,620
2026-08-27T23:00:00+00:00,0.85714,0.85716,0.8571000000000001,0.85714,613
2026-08-27T23:30:00+00:00,0.85714,0.85717,0.85706,0.85711,1009
2026-08-28T00:00:00+00:00,0.85711,0.85718,0.8570800000000001,0.85714,2514
2026-08-28T00:30:00+00:00,0.85714,0.8572000000000001,0.8571000000000001,0.85716,2013
2026-08-28T01:00:00+00:00,0.85716,0.8573000000000001,0.85712,0.85728,2773
2026-08-28T01:30:00+00:00,0.85728,0.85738,0.8572200000000001,0.8572700000000001,2714
2026-08-28T02:00:00+00:00,0.8572700000000001,0.8573000000000001,0.8570800000000001,0.85712,2464
2026-08-28T02:30:00+00:00,0.85712,0.8572000000000001,0.85711,0.8571300000000001,2001
2026-08-28T03:00:00+00:00,0.8571300000000001,0.8571500000000001,0.8570800000000001,0.85712,2077
2026-08-28T03:30:00+00:00,0.85712,0.85718,0.8570300000000001,0.8570800000000001,1498
2026-08-28T04:00:00+00:00,0.8570800000000001,0.85709,0.85704,0.85706,1319
2026-08-28T04:30:00+00:00,0.85706,0.85711,0.8570300000000001,0.85707,1477
2026-08-28T05:00:00+00:00,0.85707,0.8571000000000001,0.85697,0.85699,1395
2026-08-28T05:30:00+00:00,0.85699,0.8570300000000001,0.85689,0.85697,1748
2026-08-28T06:00:00+00:00,0.85697,0.85701,0.85677,0.85687,3237
2026-08-28T06:30:00+00:00,0.85687,0.8570500000000001,0.85684,0.85701,3883
2026-08-28T07:00:00+00:00,0.85701,0.85733,0.85696,0.8573200000000001,4010
2026-08-28T07:30:00+00:00,0.8573200000000001,0.85734,0.85699,0.8572200000000001,3701
2026-08-28T08:00:00+00:00,0.8572200000000001,0.8574900000000001,0.8571300000000001,0.85719,3208
2026-08-28T08:30:00+00:00,0.85719,0.85733,0.85704,0.85707,3148
2026-08-28T09:00:00+00:00,0.85707,0.85724,0.8569800000000001,0.8571500000000001,3200
2026-08-28T09:30:00+00:00,0.8571500000000001,0.85717,0.85701,0.85711,3046
2026-08-28T10:00:00+00:00,0.85711,0.85718,0.8569,0.8570500000000001,3155
2026-08-28T10:30:00+00:00,0.8570500000000001,0.85717,0.8569300000000001,0.85712,3041
2026-08-28T11:00:00+00:00,0.85712,0.85733,0.85711,0.85726,3076
2026-08-28T11:30:00+00:00,0.85726,0.8574400000000001,0.85718,0.85726,3000
2026-08-28T12:00:00+00:00,0.85726,0.85738,0.85717,0.85738,3479
2026-08-28T12:30:00+00:00,0.85738,0.85768,0.85731,0.8576,4472
2026-08-28T13:00:00+00:00,0.8576,0.8576600000000001,0.85738,0.85751,4190
2026-08-28T13:30:00+00:00,0.85751,0.8577100000000001,0.85718,0.8574400000000001,4791
2026-08-28T14:00:00+00:00,0.8574400000000001,0.8575900000000001,0.8567,0.8570000000000001,15516
2026-08-28T14:30:00+00:00,0.8570000000000001,0.8572500000000001,0.85575,0.85606,11640
2026-08-28T15:00:00+00:00,0.85606,0.85631,0.85572,0.8559,7547
2026-08-28T15:30:00+00:00,0.8559,0.8559100000000001,0.8554700000000001,0.8557600000000001,6984
2026-08-28T16:00:00+00:00,0.8557600000000001,0.85607,0.85567,0.8559300000000001,6219
2026-08-28T16:30:00+00:00,0.8559300000000001,0.8561300000000001,0.8557600000000001,0.85599,5689
2026-08-28T17:00:00+00:00,0.85599,0.8562700000000001,0.85599,0.85606,4585
2026-08-28T17:30:00+00:00,0.85606,0.85624,0.85587,0.8560000000000001,3593
2026-08-28T18:00:00+00:00,0.8560000000000001,0.8562000000000001,0.85597,0.85611,3629
2026-08-28T18:30:00+00:00,0.85611,0.85612,0.85589,0.85594,2931
2026-08-28T19:00:00+00:00,0.85594,0.8560000000000001,0.85585,0.8559300000000001,3533
2026-08-28T19:30:00+00:00,0.8559300000000001,0.85601,0.8558300000000001,0.8558600000000001,3024
2026-08-28T20:00:00+00:00,0.8558600000000001,0.85595,0.8557600000000001,0.85595,1967
2026-08-28T20:30:00+00:00,0.85595,0.85604,0.85518,0.85565,2491
2026-08-30T21:00:00+00:00,0.85512,0.85539,0.85493,0.85531,286
2026-08-30T21:30:00+00:00,0.85531,0.85547,0.85485,0.85511,663
2026-08-30T22:00:00+00:00,0.85511,0.8559,0.85511,0.85583,1081
2026-08-30T22:30:00+00:00,0.85583,0.85583,0.85574,0.85578,589
2026-08-30T23:00:00+00:00,0.85578,0.85586,0.85578,0.85585,1006
2026-08-30T23:30:00+00:00,0.85585,0.85593,0.85583,0.8559,1338
2026-08-31T00:00:00+00:00,0.8559,0.8561,0.85589,0.85606,3507
2026-08-31T00:30:00+00:00,0.85606,0.85609,0.85575,0.85582,3928
2026-08-31T01:00:00+00:00,0.85582,0.85597,0.85576,0.85579,5005
2026-08-31T01:30:00+00:00,0.85579,0.85593,0.85578,0.8558,5101
2026-08-31T02:00:00+00:00,0.8558,0.85586,0.85576,0.85584,3547
2026-08-31T02:30:00+00:00,0.85584,0.85597,0.85578,0.85587,3114
2026-08-31T03:00:00+00:00,0.85587,0.85587,0.85574,0.85578,2146
2026-08-31T03:30:00+00:00,0.85578,0.85586,0.85575,0.85582,2014
2026-08-31T04:00:00+00:00,0.85582,0.85585,0.85572,0.85574,1940
2026-08-31T04:30:00+00:00,0.85574,0.85581,0.85573,0.85573,2158
2026-08-31T05:00:00+00:00,0.85573,0.85584,0.85563,0.85563,2022
2026-08-31T05:30:00+00:00,0.85563,0.85567,0.85552,0.85557,3464
2026-08-31T06:00:00+00:00,0.85557,0.85565,0.85537,0.85546,2797
2026-08-31T06:30:00+00:00,0.85546,0.85569,0.85542,0.85564,3406
2026-08-31T07:00:00+00:00,0.85564,0.85601,0.85563,0.85591,3945
2026-08-31T07:30:00+00:00,0.85591,0.85653,0.85589,0.85648,3663
2026-08-31T08:00:00+00:00,0.85648,0.85648,0.85604,0.85613,4474
2026-08-31T08:30:00+00:00,0.85613,0.85646,0.8561,0.85627,3459
2026-08-31T09:00:00+00:00,0.85627,0.85652,0.85624,0.85636,3512
2026-08-31T09:30:00+00:00,0.85636,0.85653,0.8563,0.8565,2666
2026-08-31T10:00:00+00:00,0.8565,0.85663,0.85638,0.8566,3197
2026-08-31T10:30:00+00:00,0.8566,0.85677,0.85648,0.85653,3138
2026-08-31T11:00:00+00:00,0.85653,0.85676,0.85652,0.85654,3606
2026-08-31T11:30:00+00:00,0.85654,0.85671,0.8565,0.85653,4069
2026-08-31T12:00:00+00:00,0.85653,0.85659,0.85618,0.85624,4423
2026-08-31T12:30:00+00:00,0.85624,0.85651,0.85617,0.85646,3999
2026-08-31T13:00:00+00:00,0.85646,0.85647,0.85619,0.8562,3770
2026-08-31T13:30:00+00:00,0.8562,0.85652,0.85613,0.85649,4664
2026-08-31T14:00:00+00:00,0.85649,0.85704,0.8564,0.85679,4519
2026-08-31T14:30:00+00:00,0.85679,0.8571,0.85608,0.85683,10138
2026-08-31T15:00:00+00:00,0.85683,0.85737,0.85657,0.85727,5850
2026-08-31T15:30:00+00:00,0.85727,0.85748,0.85722,0.85738,4357
2026-08-31T16:00:00+00:00,0.85738,0.85739,0.85722,0.85726,3325
2026-08-31T16:30:00+00:00,0.85726,0.85741,0.8572,0.85737,2849
2026-08-31T17:00:00+00:00,0.85737,0.85747,0.85723,0.85727,1532
2026-08-31T17:30:00+00:00,0.85727,0.85729,0.85715,0.85723,2886
2026-08-31T18:00:00+00:00,0.85723,0.85732,0.85722,0.8573,1973
2026-08-31T18:30:00+00:00,0.8573,0.85739,0.85725,0.85727,2488
2026-08-31T19:00:00+00:00,0.85727,0.85747,0.85727,0.85741,2645
2026-08-31T19:30:00+00:00,0.85741,0.85745,0.85728,0.85731,3151
2026-08-31T20:00:00+00:00,0.85731,0.85743,0.85726,0.8573,1643
2026-08-31T20:30:00+00:00,0.8573,0.85745,0.85726,0.85733,2277
2026-08-31T21:00:00+00:00,0.85733,0.85737,0.85689,0.85731,1672
2026-08-31T21:30:00+00:00,0.85731,0.85735,0.85694,0.85701,1953
2026-08-31T22:00:00+00:00,0.85701,0.85742,0.85701,0.85739,675
2026-08-31T22:30:00+00:00,0.85739,0.85744,0.85737,0.85742,466
2026-08-31T23:00:00+00:00,0.85742,0.85749,0.85737,0.85747,630
2026-08-31T23:30:00+00:00,0.85747,0.85753,0.85745,0.85753,1089
2026-09-01T00:00:00+00:00,0.85753,0.85755,0.85725,0.85726,3906
2026-09-01T00:30:00+00:00,0.85726,0.85738,0.85722,0.85724,3117
2026-09-01T01:00:00+00:00,0.85724,0.85731,0.85719,0.85725,3394
2026-09-01T01:30:00+00:00,0.85725,0.85726,0.85704,0.8571,2927
2026-09-01T02:00:00+00:00,0.8571,0.85719,0.85704,0.85711,3020
2026-09-01T02:30:00+00:00,0.85711,0.85715,0.85706,0.85706,2574
2026-09-01T03:00:00+00:00,0.85706,0.85714,0.85703,0.85709,2918
2026-09-01T03:30:00+00:00,0.85709,0.85712,0.85697,0.85707,1979
2026-09-01T04:00:00+00:00,0.85707,0.85711,0.85699,0.85703,1803
2026-09-01T04:30:00+00:00,0.85703,0.85707,0.85693,0.85696,1238
2026-09-01T05:00:00+00:00,0.85696,0.85702,0.85685,0.85688,1449
2026-09-01T05:30:00+00:00,0.85688,0.85693,0.85681,0.85689,2546
2026-09-01T06:00:00+00:00,0.85689,0.85719,0.85682,0.85712,2975
2026-09-01T06:30:00+00:00,0.85712,0.85716,0.85673,0.85702,3191
2026-09-01T07:00:00+00:00,0.85702,0.85709,0.85668,0.85688,3920
2026-09-01T07:30:00+00:00,0.85688,0.85697,0.85648,0.85658,4076
2026-09-01T08:00:00+00:00,0.85658,0.85662,0.85634,0.85643,4674
2026-09-01T08:30:00+00:00,0.85643,0.85656,0.85612,0.85617,3514
2026-09-01T09:00:00+00:00,0.85617,0.85636,0.85607,0.85617,3151
2026-09-01T09:30:00+00:00,0.85617,0.85635,0.85608,0.85623,3555
2026-09-01T10:00:00+00:00,0.85623,0.85628,0.856,0.85611,3165
2026-09-01T10:30:00+00:00,0.85611,0.85646,0.85611,0.8564,2579
2026-09-01T11:00:00+00:00,0.8564,0.85657,0.8564,0.8565,3667
2026-09-01T11:30:00+00:00,0.8565,0.8566,0.85635,0.85646,3323
2026-09-01T12:00:00+00:00,0.85646,0.85662,0.85641,0.85655,3872
2026-09-01T12:30:00+00:00,0.85655,0.85686,0.85653,0.85684,3547
2026-09-01T13:00:00+00:00,0.85684,0.85688,0.85644,0.85647,3267
2026-09-01T13:30:00+00:00,0.85647,0.85687,0.8564,0.85644,4778
2026-09-01T14:00:00+00:00,0.85644,0.85668,0.85634,0.85667,5634
2026-09-01T14:30:00+00:00,0.85667,0.8568,0.85647,0.85658,4939
2026-09-01T15:00:00+00:00,0.85658,0.85705,0.85655,0.85699,5241
2026-09-01T15:30:00+00:00,0.85699,0.85699,0.85679,0.85697,3990
2026-09-01T16:00:00+00:00,0.85697,0.85702,0.85676,0.85685,4393
2026-09-01T16:30:00+00:00,0.85685,0.85731,0.85673,0.85726,3558
2026-09-01T17:00:00+00:00,0.85726,0.85751,0.85718,0.8575,3808
2026-09-01T17:30:00+00:00,0.8575,0.85763,0.85739,0.85746,2725
2026-09-01T18:00:00+00:00,0.85746,0.8577,0.85744,0.85768,2662
2026-09-01T18:30:00+00:00,0.85768,0.85779,0.85748,0.85764,3025
2026-09-01T19:00:00+00:00,0.85764,0.8578,0.85759,0.85773,2687
2026-09-01T19:30:00+00:00,0.85773,0.85777,0.85766,0.85774,2190
2026-09-01T20:00:00+00:00,0.85774,0.8578,0.85764,0.85773,1429
2026-09-01T20:30:00+00:00,0.85773,0.85776,0.8576,0.85763,1458
2026-09-01T21:00:00+00:00,0.85763,0.85763,0.85691,0.85721,2583
2026-09-01T21:30:00+00:00,0.85721,0.85752,0.85713,0.85739,1669
2026-09-01T22:00:00+00:00,0.85739,0.85781,0.85736,0.85777,1045
2026-09-01T22:30:00+00:00,0.85777,0.85778,0.85769,0.85771,974
2026-09-01T23:00:00+00:00,0.85771,0.85779,0.85771,0.85777,473
2026-09-01T23:30:00+00:00,0.85777,0.85777,0.85765,0.8577,844
2026-09-02T00:00:00+00:00,0.8577,0.85775,0.85765,0.85766,2756
2026-09-02T00:30:00+00:00,0.85766,0.8577,0.85752,0.85757,2942
2026-09-02T01:00:00+00:00,0.85757,0.85765,0.85746,0.85747,2784
2026-09-02T01:30:00+00:00,0.85747,0.85755,0.85729,0.85737,2490
2026-09-02T02:00:00+00:00,0.85737,0.8573999999999999,0.85736,0.85739,93
